"자치구","안심 주소","CCTV 용도","위도","경도","CCTV 수량","수정 일시"
"서대문구","북가좌2동 80-33","어린이안전","37.5773770117268","126.913204858792","1","2021-10-28"
"서대문구","창천공원1(창천동57-18)","도심공원","37.556932779105","126.935428941716","4","2021-01-27"
"서대문구","창천공원2(창천동57-18)","도심공원","37.556932779105","126.935428941716","3","2021-01-27"
"서대문구","창천공원3(창천동57-18)","도심공원","37.556932779105","126.935428941716","1","2021-01-27"
"서대문구","대현동문화공원(대현동 146)","도심공원","37.5574762964071","126.945715091613","8","2021-01-27"
"서대문구","공공공지(C)1(북아현동222)","도심공원","37.5576453791431","126.952040830743","1","2021-01-27"
"서대문구","공공공지(C)2(북아현동222)","도심공원","37.5576453791431","126.952040830743","1","2021-01-27"
"서대문구","아현역소공원1(북아현동136-3)","도심공원","37.5576949","126.956027","1","2021-01-27"
"서대문구","아현역소공원2(북아현동136-3)","도심공원","37.5576949","126.956027","1","2021-01-27"
"서대문구","아현역소공원3(북아현동136-3)","도심공원","37.5576949","126.956027","1","2021-01-27"
"서대문구","창천근린공원(정상)(창천동4-55)","도심공원","37.5579439149","126.940585552","4","2021-01-27"
"서대문구","창천근린공원(돌계단)(창천동4-55)","도심공원","37.5579486742","126.940231397","4","2021-01-27"
"서대문구","너른바위1(북아현동216-37)","도심공원","37.5581842","126.952262","1","2021-01-27"
"서대문구","너른바위10(북아현동216-37)","도심공원","37.5581842","126.952262","1","2021-01-27"
"서대문구","너른바위11(북아현동216-37)","도심공원","37.5581842","126.952262","1","2021-01-27"
"서대문구","너른바위2(북아현동216-37)","도심공원","37.5581842","126.952262","1","2021-01-27"
"서대문구","너른바위3(북아현동216-37)","도심공원","37.5581842","126.952262","1","2021-01-27"
"서대문구","너른바위4(북아현동216-37)","도심공원","37.5581842","126.952262","1","2021-01-27"
"서대문구","너른바위5(북아현동216-37)","도심공원","37.5581842","126.952262","1","2021-01-27"
"서대문구","너른바위6(북아현동216-37)","도심공원","37.5581842","126.952262","1","2021-01-27"
"서대문구","너른바위7(북아현동216-37)","도심공원","37.5581842","126.952262","1","2021-01-27"
"서대문구","너른바위8(북아현동216-37)","도심공원","37.5581842","126.952262","1","2021-01-27"
"서대문구","너른바위9(북아현동216-37)","도심공원","37.5581842","126.952262","1","2021-01-27"
"서대문구","바람산어린이공원1(창천동4-54)","도심공원","37.5583411100332","126.940273656414","1","2021-01-27"
"서대문구","바람산어린이공원2(창천동4-54)","도심공원","37.5583411100332","126.940273656414","1","2021-01-27"
"서대문구","바람산어린이공원3(창천동4-54)","도심공원","37.5583411100332","126.940273656414","1","2021-01-27"
"서대문구","북성어린이공원1(북아현동216-59)","도심공원","37.5584407","126.951723","1","2021-01-27"
"서대문구","북성어린이공원2(북아현동216-59)","도심공원","37.5584407","126.951723","1","2021-01-27"
"서대문구","북성어린이공원3(북아현동216-59)","도심공원","37.5584407","126.951723","1","2021-01-27"
"서대문구","북성어린이공원4(북아현동216-59)","도심공원","37.5584407","126.951723","1","2021-01-27"
"서대문구","북성어린이공원5(북아현동216-59)","도심공원","37.5584407","126.951723","1","2021-01-27"
"서대문구","북성어린이공원6(북아현동216-59)","도심공원","37.5584407","126.951723","1","2021-01-27"
"서대문구","북성어린이공원7(북아현동216-59)","도심공원","37.5584407","126.951723","1","2021-01-27"
"서대문구","북성어린이공원8(북아현동216-59)","도심공원","37.5584407","126.951723","1","2021-01-27"
"서대문구","북성어린이공원9(북아현동216-59)","도심공원","37.5584407","126.951723","1","2021-01-27"
"서대문구","너나들이쉼터1(북아현동148-18)","도심공원","37.558645","126.955488","1","2021-01-27"
"서대문구","너나들이쉼터2(북아현동148-18)","도심공원","37.558645","126.955488","1","2021-01-27"
"서대문구","너나들이쉼터3(북아현동148-18)","도심공원","37.558645","126.955488","1","2021-01-27"
"서대문구","너나들이쉼터4(북아현동148-18)","도심공원","37.558645","126.955488","1","2021-01-27"
"서대문구","너나들이쉼터5(북아현동148-18)","도심공원","37.558645","126.955488","1","2021-01-27"
"서대문구","너나들이쉼터6(북아현동148-18)","도심공원","37.558645","126.955488","1","2021-01-27"
"서대문구","너나들이쉼터7(북아현동148-18)","도심공원","37.558645","126.955488","1","2021-01-27"
"서대문구","동그라미쉼터1(대현동65-12)","도심공원","37.5587808","126.948118783081","1","2021-01-27"
"서대문구","동그라미쉼터2(대현동65-12)","도심공원","37.5587808","126.948118783081","1","2021-01-27"
"서대문구","동그라미쉼터3(대현동65-12)","도심공원","37.5587808","126.948118783081","1","2021-01-27"
"서대문구","동그라미쉼터4(대현동65-12)","도심공원","37.5587808","126.948118783081","1","2021-01-27"
"서대문구","동그라미쉼터5(대현동65-12)","도심공원","37.5587808","126.948118783081","1","2021-01-27"
"서대문구","동그라미쉼터6(대현동65-12)","도심공원","37.5587808","126.948118783081","1","2021-01-27"
"서대문구","명수공원(북아현동210-24)","도심공원","37.560084","126.950754","2","2021-01-27"
"서대문구","명수공원1(북아현동210-24)","도심공원","37.560084","126.950754","1","2021-01-27"
"서대문구","북아현연결녹지공원1(북아현로11길66)","도심공원","37.5604949975482","126.95121005668","1","2021-01-27"
"서대문구","북아현연결녹지공원2","도심공원","37.5604949975482","126.95121005668","1","2021-01-27"
"서대문구","복주산근린공원1(북아현동144-1)","도심공원","37.5610700096584","126.955755416697","1","2021-01-27"
"서대문구","복주산근린공원2(북아현동144-1)","도심공원","37.5610700096584","126.955755416697","1","2021-01-27"
"서대문구","복주산근린공원3(북아현동144-1)","도심공원","37.5610700096584","126.955755416697","1","2021-01-27"
"서대문구","복주산근린공원4(북아현동144-1)","도심공원","37.5610700096584","126.955755416697","1","2021-01-27"
"서대문구","복주산근린공원5(북아현동144-1)","도심공원","37.5610700096584","126.955755416697","1","2021-01-27"
"서대문구","복주산근린공원6(북아현동144-1)","도심공원","37.5610700096584","126.955755416697","1","2021-01-27"
"서대문구","복주산근린공원7(북아현동144-1)","도심공원","37.5610700096584","126.955755416697","1","2021-01-27"
"서대문구","창천골목공원1(연희동346-30)","도심공원","37.5613048429014","126.930644577417","1","2021-01-27"
"서대문구","창천골목공원2","도심공원","37.5613048429014","126.930644577417","1","2021-01-27"
"서대문구","창천골목공원3","도심공원","37.5613048429014","126.930644577417","1","2021-01-27"
"서대문구","복주산근린공원1-2구역1(북아현로11길55)","도심공원","37.5618544727756","126.954875008598","1","2021-01-27"
"서대문구","복주산근린공원1-2구역2","도심공원","37.5618544727756","126.954875008598","1","2021-01-27"
"서대문구","복주산근린공원1-2구역3","도심공원","37.5618544727756","126.954875008598","1","2021-01-27"
"서대문구","복주산근린공원1-2구역4","도심공원","37.5618544727756","126.954875008598","1","2021-01-27"
"서대문구","복주산근린공원1-2구역5","도심공원","37.5618544727756","126.954875008598","1","2021-01-27"
"서대문구","복주산근린공원1-2구역6","도심공원","37.5618544727756","126.954875008598","1","2021-01-27"
"서대문구","복주산근린공원1-2구역7","도심공원","37.5618544727756","126.954875008598","1","2021-01-27"
"서대문구","복주산근린공원1-2구역8","도심공원","37.5618544727756","126.954875008598","1","2021-01-27"
"서대문구","복주산근린공원1-2구역9","도심공원","37.5618544727756","126.954875008598","1","2021-01-27"
"서대문구","한성어린이공원1(북아현동147-43)","도심공원","37.5618544727756","126.954875008598","1","2021-01-27"
"서대문구","한성어린이공원10(북아현동147-43)","도심공원","37.5618544727756","126.954875008598","1","2021-01-27"
"서대문구","한성어린이공원11(북아현동147-43)","도심공원","37.5618544727756","126.954875008598","1","2021-01-27"
"서대문구","한성어린이공원2(북아현동147-43)","도심공원","37.5618544727756","126.954875008598","1","2021-01-27"
"서대문구","한성어린이공원3(북아현동147-43)","도심공원","37.5618544727756","126.954875008598","1","2021-01-27"
"서대문구","한성어린이공원4(북아현동147-43)","도심공원","37.5618544727756","126.954875008598","1","2021-01-27"
"서대문구","한성어린이공원5(북아현동147-43)","도심공원","37.5618544727756","126.954875008598","1","2021-01-27"
"서대문구","한성어린이공원6(북아현동147-43)","도심공원","37.5618544727756","126.954875008598","1","2021-01-27"
"서대문구","한성어린이공원7(북아현동147-43)","도심공원","37.5618544727756","126.954875008598","1","2021-01-27"
"서대문구","한성어린이공원8(북아현동147-43)","도심공원","37.5618544727756","126.954875008598","1","2021-01-27"
"서대문구","한성어린이공원9(북아현동147-43)","도심공원","37.5618544727756","126.954875008598","1","2021-01-27"
"서대문구","둥글레소공원1(연희동344-228)","도심공원","37.5630780548242","126.930037945126","1","2021-01-27"
"서대문구","둥글레소공원2(연희동344-228)","도심공원","37.5630780548242","126.930037945126","1","2021-01-27"
"서대문구","둥글레소공원3(연희동344-228)","도심공원","37.5630780548242","126.930037945126","1","2021-01-27"
"서대문구","둥글레소공원4(연희동344-228)","도심공원","37.5630780548242","126.930037945126","1","2021-01-27"
"서대문구","안산도시공원(신일교회)(천연동145-2)","도심공원","37.566971","126.957686","1","2021-01-27"
"서대문구","복주우물공원1(북아현동1-1616)","도심공원","37.567562","126.951695","1","2021-01-27"
"서대문구","복주우물공원2","도심공원","37.567562","126.951695","1","2021-01-27"
"서대문구","연희어린이공원(연희동446-182)","도심공원","37.567744329078","126.921488462902","1","2021-01-27"
"서대문구","안산도시공원(아파트방향)(천연동산4-19)","도심공원","37.568809267596","126.957811309193","1","2021-01-27"
"서대문구","궁뜰어린이공원1(연희동123-5)","도심공원","37.568973","126.930467","1","2021-01-27"
"서대문구","궁뜰어린이공원2(연희동123-5)","도심공원","37.568973","126.930467","1","2021-01-27"
"서대문구","궁뜰어린이공원3(연희동123-5)","도심공원","37.568973","126.930467","1","2021-01-27"
"서대문구","봉원소공원1(봉원동52)","도심공원","37.569518","126.945508","1","2021-01-27"
"서대문구","봉원소공원2","도심공원","37.569518","126.945508","1","2021-01-27"
"서대문구","봉원소공원3","도심공원","37.569518","126.945508","1","2021-01-27"
"서대문구","궁동공원(화장실)(연희1동산118)","도심공원","37.5699022479447","126.923442042686","1","2021-01-27"
"서대문구","궁동공원(화장실)1","도심공원","37.5699022479447","126.923442042686","1","2021-01-27"
"서대문구","궁동공원(화장실)2","도심공원","37.5699022479447","126.923442042686","1","2021-01-27"
"서대문구","궁동공원(화장실)3","도심공원","37.5699022479447","126.923442042686","1","2021-01-27"
"서대문구","궁동공원(화장실)4","도심공원","37.5699022479447","126.923442042686","1","2021-01-27"
"서대문구","한울소공원1(남가좌동152-17)","도심공원","37.570861","126.916511","1","2021-01-27"
"서대문구","한울소공원2","도심공원","37.570861","126.916511","1","2021-01-27"
"서대문구","한울소공원3","도심공원","37.570861","126.916511","1","2021-01-27"
"서대문구","한울소공원4","도심공원","37.570861","126.916511","1","2021-01-27"
"서대문구","궁동공원(실내체육관)(연희1동산118)","도심공원","37.5711587018084","126.925429667436","4","2021-01-27"
"서대문구","궁말어린이공원1(연희동86-3)","도심공원","37.5711687919085","126.933669830688","1","2021-01-27"
"서대문구","궁말어린이공원2","도심공원","37.5711687919085","126.933669830688","1","2021-01-27"
"서대문구","궁말어린이공원3","도심공원","37.5711687919085","126.933669830688","1","2021-01-27"
"서대문구","궁말어린이공원4","도심공원","37.5711687919085","126.933669830688","1","2021-01-27"
"서대문구","안산도시자연공원1(서대문구의회방면)","도심공원","37.5712756902961","126.953881568123","1","2021-01-27"
"서대문구","안산도시자연공원2","도심공원","37.5712756902961","126.953881568123","1","2021-01-27"
"서대문구","동구물어린이공원(연희동109-2)","도심공원","37.571353","126.928069","1","2021-01-27"
"서대문구","모래내어린이공원1(남가좌동274-28)","도심공원","37.5719681964179","126.914038024807","1","2021-01-27"
"서대문구","모래내어린이공원2","도심공원","37.5719681964179","126.914038024807","1","2021-01-27"
"서대문구","모래내어린이공원3","도심공원","37.5719681964179","126.914038024807","1","2021-01-27"
"서대문구","모래내어린이공원4","도심공원","37.5719681964179","126.914038024807","1","2021-01-27"
"서대문구","모래내어린이공원5","도심공원","37.5719681964179","126.914038024807","1","2021-01-27"
"서대문구","모래내어린이공원6","도심공원","37.5719681964179","126.914038024807","1","2021-01-27"
"서대문구","모래내어린이공원7","도심공원","37.5719681964179","126.914038024807","1","2021-01-27"
"서대문구","모래내어린이공원8","도심공원","37.5719681964179","126.914038024807","1","2021-01-27"
"서대문구","연희동 519-7(연서어린이공원)","도심공원","37.5721542588183","126.923376885914","9","2021-01-27"
"서대문구","독립문공원(통일로","도심공원","37.572158055","126.958959988","1","2021-01-27"
"서대문구","안산도시공원(구의회방향)(현저동107-505)","도심공원","37.5727133280709","126.952662668618","1","2021-01-27"
"서대문구","궁동근린공원(연희동188-42)","도심공원","37.5729414007571","126.927382476195","1","2021-01-27"
"서대문구","궁동근린공원1(연희동188-42)","도심공원","37.5729414007571","126.927382476195","1","2021-01-27"
"서대문구","궁동근린공원2(연희동188-42)","도심공원","37.5729414007571","126.927382476195","1","2021-01-27"
"서대문구","궁동근린공원3(연희동188-42)","도심공원","37.5729414007571","126.927382476195","1","2021-01-27"
"서대문구","궁동근린공원4(연희동188-42)","도심공원","37.5729414007571","126.927382476195","1","2021-01-27"
"서대문구","안산밤고개놀이터1(연희동196-25)","도심공원","37.5736482663061","126.930243223556","1","2021-01-27"
"서대문구","안산밤고개놀이터2(연희동196-25)","도심공원","37.5736482663061","126.930243223556","1","2021-01-27"
"서대문구","안산밤고개놀이터3(연희동196-25)","도심공원","37.5736482663061","126.930243223556","1","2021-01-27"
"서대문구","안산밤고개놀이터4(연희동196-25)","도심공원","37.5736482663061","126.930243223556","1","2021-01-27"
"서대문구","안산밤고개놀이터5(연희동196-25)","도심공원","37.5736482663061","126.930243223556","1","2021-01-27"
"서대문구","안산밤고개놀이터6(연희동196-25)","도심공원","37.5736482663061","126.930243223556","1","2021-01-27"
"서대문구","가재어린이공원1(남가좌동162-4)","도심공원","37.574108","126.918545","1","2021-01-27"
"서대문구","가재어린이공원10","도심공원","37.574108","126.918545","1","2021-01-27"
"서대문구","가재어린이공원11","도심공원","37.574108","126.918545","1","2021-01-27"
"서대문구","가재어린이공원12","도심공원","37.574108","126.918545","2","2021-01-27"
"서대문구","가재어린이공원2","도심공원","37.574108","126.918545","1","2021-01-27"
"서대문구","가재어린이공원3","도심공원","37.574108","126.918545","1","2021-01-27"
"서대문구","가재어린이공원4","도심공원","37.574108","126.918545","1","2021-01-27"
"서대문구","가재어린이공원5","도심공원","37.574108","126.918545","1","2021-01-27"
"서대문구","가재어린이공원6","도심공원","37.574108","126.918545","1","2021-01-27"
"서대문구","가재어린이공원7","도심공원","37.574108","126.918545","1","2021-01-27"
"서대문구","가재어린이공원8","도심공원","37.574108","126.918545","1","2021-01-27"
"서대문구","가재어린이공원9","도심공원","37.574108","126.918545","1","2021-01-27"
"서대문구","대궐재공원(연희3동73-8)","도심공원","37.5741212844019","126.937220296958","6","2021-01-27"
"서대문구","나비울어린이공원(수색로100-75(북가좌동472))","도심공원","37.5747804162137","126.909777174274","4","2021-01-27"
"서대문구","중앙근린공원(북가좌동115-6)","도심공원","37.5750514604028","126.913577155395","2","2021-01-27"
"서대문구","중앙근린공원9","도심공원","37.5750514604028","126.913577155395","1","2021-01-27"
"서대문구","안산자락길1(메타세콰이어화장실)","도심공원","37.5755317446942","126.940966105488","1","2021-01-27"
"서대문구","안산자락길2","도심공원","37.5755317446942","126.940966105488","1","2021-01-27"
"서대문구","안산자락길3","도심공원","37.5755317446942","126.940966105488","1","2021-01-27"
"서대문구","가좌공원(남가좌동376-4)","도심공원","37.5758675155227","126.920569250332","2","2021-01-27"
"서대문구","다람쥐어린이공원1(연희동151-49)","도심공원","37.5760378","126.934409","1","2021-01-27"
"서대문구","다람쥐어린이공원2(연희동151-49)","도심공원","37.5760378","126.934409","1","2021-01-27"
"서대문구","홍연마을마당(연희동723-15)","도심공원","37.576079","126.932603","1","2021-01-27"
"서대문구","연희푸르지오1(연희동717-12)","도심공원","37.576716","126.929982","1","2021-01-27"
"서대문구","연희푸르지오2(연희동717-12)","도심공원","37.576716","126.929982","1","2021-01-27"
"서대문구","연희푸르지오3(연희동717-12)","도심공원","37.576716","126.929982","1","2021-01-27"
"서대문구","연희푸르지오4(연희동717-12)","도심공원","37.576716","126.929982","1","2021-01-27"
"서대문구","연희동 151-32(연희지하차도위휴식공간)","도심공원","37.5768756308313","126.934319041221","2","2021-01-27"
"서대문구","갈매연어린이공원1(남가좌동 175-15)","도심공원","37.5773114000622","126.917231939433","19","2021-01-27"
"서대문구","안산자락길(비상벨)(홍제동산33-88)","도심공원","37.5777041988842","126.949717000692","1","2021-01-27"
"서대문구","안산자락길1","도심공원","37.5777041988842","126.949717000692","1","2021-01-27"
"서대문구","안산자락길2","도심공원","37.5777041988842","126.949717000692","1","2021-01-27"
"서대문구","안산자락길3","도심공원","37.5777041988842","126.949717000692","1","2021-01-27"
"서대문구","안산자락길4","도심공원","37.5777041988842","126.949717000692","1","2021-01-27"
"서대문구","홍남공원1(홍은2동405-3)","도심공원","37.5779198227151","126.929176547628","1","2021-01-27"
"서대문구","홍남공원2(홍은2동405-3)","도심공원","37.5779198227151","126.929176547628","1","2021-01-27"
"서대문구","홍남공원3(홍은2동405-3)","도심공원","37.5779198227151","126.929176547628","1","2021-01-27"
"서대문구","홍남공원4(홍은2동405-3)","도심공원","37.5779198227151","126.929176547628","1","2021-01-27"
"서대문구","홍남공원5(홍은2동405-3)","도심공원","37.5779198227151","126.929176547628","1","2021-01-27"
"서대문구","안산공원(연희3동산1)","도심공원","37.578152562942","126.939813606976","1","2021-01-27"
"서대문구","안산공원4(연희3동산1)","도심공원","37.578152562942","126.939813606976","1","2021-01-27"
"서대문구","안산공원5(연희3동산1)","도심공원","37.578152562942","126.939813606976","1","2021-01-27"
"서대문구","안산공원6(연희3동산1)","도심공원","37.578152562942","126.939813606976","1","2021-01-27"
"서대문구","연남공원1(남가좌동326-8)","도심공원","37.5782511996199","126.925275198742","1","2021-01-27"
"서대문구","연남공원2","도심공원","37.5782511996199","126.925275198742","1","2021-01-27"
"서대문구","연남공원3","도심공원","37.5782511996199","126.925275198742","1","2021-01-27"
"서대문구","연남공원4","도심공원","37.5782511996199","126.925275198742","1","2021-01-27"
"서대문구","연남공원5","도심공원","37.5782511996199","126.925275198742","1","2021-01-27"
"서대문구","연남공원6","도심공원","37.5782511996199","126.925275198742","1","2021-01-27"
"서대문구","한양도성우백호녹지연결로1(통일로17길)","도심공원","37.578380678018","126.953649449828","1","2021-01-27"
"서대문구","한양도성우백호녹지연결로2(통일로17길)","도심공원","37.578380678018","126.953649449828","1","2021-01-27"
"서대문구","한양도성우백호녹지연결로3(통일로17길)","도심공원","37.578380678018","126.953649449828","1","2021-01-27"
"서대문구","한양도성우백호녹지연결로4(통일로17길)","도심공원","37.578380678018","126.953649449828","1","2021-01-27"
"서대문구","갈매연어린이공원(남가좌동 224-190)","도심공원","37.5789007399708","126.917755934025","28","2021-01-27"
"서대문구","까치소공원1(북가좌동366-4)","도심공원","37.5792021361941","126.907010481139","1","2021-01-27"
"서대문구","까치소공원2(북가좌동366-4)","도심공원","37.5792021361941","126.907010481139","1","2021-01-27"
"서대문구","까치소공원3(북가좌동366-4)","도심공원","37.5792021361941","126.907010481139","1","2021-01-27"
"서대문구","안산문화쉼터1(연희동산2-75)","도심공원","37.5796106857323","126.937774127096","1","2021-01-27"
"서대문구","안산문화쉼터2(연희동산2-75)","도심공원","37.5796106857323","126.937774127096","1","2021-01-27"
"서대문구","안산문화쉼터3(연희동산2-75)","도심공원","37.5796106857323","126.937774127096","1","2021-01-27"
"서대문구","북가좌정원지구어린이공원1(북가좌동459-1)","도심공원","37.5796550706931","126.916953110451","1","2021-01-27"
"서대문구","북가좌정원지구어린이공원2(북가좌동459-1)","도심공원","37.5796550706931","126.916953110451","1","2021-01-27"
"서대문구","북가좌정원지구어린이공원3(북가좌동459-1)","도심공원","37.5796550706931","126.916953110451","1","2021-01-27"
"서대문구","DMC아이파크2차1(남가좌동361-37)","도심공원","37.580063","126.919415","1","2021-01-27"
"서대문구","DMC아이파크2차10(남가좌동361-37)","도심공원","37.580063","126.919415","1","2021-01-27"
"서대문구","DMC아이파크2차2(남가좌동361-37)","도심공원","37.580063","126.919415","1","2021-01-27"
"서대문구","DMC아이파크2차3(남가좌동361-37)","도심공원","37.580063","126.919415","1","2021-01-27"
"서대문구","DMC아이파크2차4(남가좌동361-37)","도심공원","37.580063","126.919415","1","2021-01-27"
"서대문구","DMC아이파크2차5(남가좌동361-37)","도심공원","37.580063","126.919415","1","2021-01-27"
"서대문구","DMC아이파크2차6(남가좌동361-37)","도심공원","37.580063","126.919415","1","2021-01-27"
"서대문구","DMC아이파크2차7(남가좌동361-37)","도심공원","37.580063","126.919415","1","2021-01-27"
"서대문구","DMC아이파크2차8(남가좌동361-37)","도심공원","37.580063","126.919415","1","2021-01-27"
"서대문구","DMC아이파크2차9(남가좌동361-37)","도심공원","37.580063","126.919415","1","2021-01-27"
"서대문구","홍연어린이공원(홍은2동","도심공원","37.5801562670009","126.926928241734","1","2021-01-27"
"서대문구","홍연어린이공원1(홍은2동","도심공원","37.5801562670009","126.926928241734","1","2021-01-27"
"서대문구","홍연어린이공원2(홍은2동","도심공원","37.5801562670009","126.926928241734","1","2021-01-27"
"서대문구","홍연어린이공원3(홍은2동","도심공원","37.5801562670009","126.926928241734","1","2021-01-27"
"서대문구","안산문화쉼터(방문자쉼터)(연희동산2-122)","도심공원","37.5802739395957","126.938185900744","4","2021-01-27"
"서대문구","안산문화쉼터(벚꽃마당)(연희동산2-122)","도심공원","37.5802739395957","126.938185900744","3","2021-01-27"
"서대문구","안산문화쉼터(숲속쉼터)(연희동산2-122)","도심공원","37.5802739395957","126.938185900744","3","2021-01-27"
"서대문구","신가공원1(거북골로22길29-51)","도심공원","37.5802885182046","126.908332224537","1","2021-01-27"
"서대문구","신가공원2(거북골로22길29-51)","도심공원","37.5802885182046","126.908332224537","1","2021-01-27"
"서대문구","신가공원3(거북골로22길29-51)","도심공원","37.5802885182046","126.908332224537","1","2021-01-27"
"서대문구","신가공원4(거북골로22길29-51)","도심공원","37.5802885182046","126.908332224537","1","2021-01-27"
"서대문구","신가공원5(거북골로22길29-51)","도심공원","37.5802885182046","126.908332224537","1","2021-01-27"
"서대문구","신가공원6(거북골로22길29-51)","도심공원","37.5802885182046","126.908332224537","1","2021-01-27"
"서대문구","백련공원1(홍은2동421-1)","도심공원","37.582336","126.924143","4","2021-01-27"
"서대문구","가재울어린이공원(북가좌2동325-20)","도심공원","37.582378","126.910431","1","2021-01-27"
"서대문구","배롱나무쉼터(홍은동426-11)","도심공원","37.5823808421745","126.93650055162","1","2021-01-27"
"서대문구","은가어린이공원1(북가좌동3-39)","도심공원","37.582807655687","126.919426542328","1","2021-01-27"
"서대문구","은가어린이공원2","도심공원","37.582807655687","126.919426542328","1","2021-01-27"
"서대문구","은가어린이공원3","도심공원","37.582807655687","126.919426542328","1","2021-01-27"
"서대문구","은가어린이공원4","도심공원","37.582807655687","126.919426542328","1","2021-01-27"
"서대문구","상암곡어린이공원(홍제1동322-72)","도심공원","37.5829219356368","126.942267797086","1","2021-01-27"
"서대문구","모랫재어린이공원1(홍제1동156-363)","도심공원","37.582952","126.944597","1","2021-01-27"
"서대문구","모랫재어린이공원2","도심공원","37.582952","126.944597","1","2021-01-27"
"서대문구","고은초 아이파크1(홍제동 321-28)","도심공원","37.5843897578317","126.943917480673","3","2021-01-27"
"서대문구","고은초 아이파크10(홍제동 321-28)","도심공원","37.5843897578317","126.943917480673","1","2021-01-27"
"서대문구","고은초 아이파크11(홍제동 321-28)","도심공원","37.5843897578317","126.943917480673","1","2021-01-27"
"서대문구","고은초 아이파크12(홍제동 321-28)","도심공원","37.5843897578317","126.943917480673","1","2021-01-27"
"서대문구","고은초 아이파크2(홍제동 321-28)","도심공원","37.5843897578317","126.943917480673","1","2021-01-27"
"서대문구","고은초 아이파크5(홍제동 321-28)","도심공원","37.5843897578317","126.943917480673","1","2021-01-27"
"서대문구","고은초 아이파크6(홍제동 321-28)","도심공원","37.5843897578317","126.943917480673","1","2021-01-27"
"서대문구","고은초 아이파크7(홍제동 321-28)","도심공원","37.5843897578317","126.943917480673","1","2021-01-27"
"서대문구","고은초 아이파크8(홍제동 321-28)","도심공원","37.5843897578317","126.943917480673","1","2021-01-27"
"서대문구","고은초 아이파크9(홍제동 321-28)","도심공원","37.5843897578317","126.943917480673","1","2021-01-27"
"서대문구","금호어울림공원1(홍제동356-63)","도심공원","37.585036726519","126.939664483403","1","2021-01-27"
"서대문구","금호어울림공원2","도심공원","37.585036726519","126.939664483403","1","2021-01-27"
"서대문구","거꾸로어린이공원1(북가좌2동338-21)","도심공원","37.585314","126.913267","1","2021-01-27"
"서대문구","거꾸로어린이공원2","도심공원","37.585314","126.913267","1","2021-01-27"
"서대문구","야호놀이터(신기한놀이터) 홍제동 산41-3 등 3필지","도심공원","37.5853728406383","126.938911513637","14","2021-01-27"
"서대문구","신기한놀이터(홍제동 산1-1)(환희사 앞)","도심공원","37.5854572375591","126.938656482936","2","2021-01-27"
"서대문구","고은산공원(비상벨)(홍제1동449-1일대)","도심공원","37.5854939111977","126.942024566407","1","2021-01-27"
"서대문구","고은산공원1","도심공원","37.5854939111977","126.942024566407","1","2021-01-27"
"서대문구","고은산공원2","도심공원","37.5854939111977","126.942024566407","1","2021-01-27"
"서대문구","고은산공원3","도심공원","37.5854939111977","126.942024566407","1","2021-01-27"
"서대문구","고은산공원4","도심공원","37.5854939111977","126.942024566407","1","2021-01-27"
"서대문구","무궁화동산화장실1(홍제2동460-5)","도심공원","37.5860806604891","126.952504377979","1","2021-01-27"
"서대문구","무궁화동산화장실2(홍제2동460-5)","도심공원","37.5860806604891","126.952504377979","1","2021-01-27"
"서대문구","무궁화동산화장실3(홍제2동460-5)","도심공원","37.5860806604891","126.952504377979","1","2021-01-27"
"서대문구","인왕산 등산로(홍제동 산41-29)","도심공원","37.5868449021179","126.954559423183","2","2021-01-27"
"서대문구","고은산전망대1(홍제동산37-55)","도심공원","37.586875","126.939969","1","2021-01-27"
"서대문구","고은산전망대2(홍제동산37-55)","도심공원","37.586875","126.939969","1","2021-01-27"
"서대문구","고은산전망대3(홍제동산37-55)","도심공원","37.586875","126.939969","1","2021-01-27"
"서대문구","백련근린공원어린이놀이터1(홍은동산11-325)","도심공원","37.587887300577","126.930381350104","1","2021-01-27"
"서대문구","백련근린공원어린이놀이터2(홍은동산11-325)","도심공원","37.587887300577","126.930381350104","1","2021-01-27"
"서대문구","백련근린공원체험장1(입구)(홍은동산11-279)","도심공원","37.5903373293038","126.933669856585","1","2021-01-27"
"서대문구","백련근린공원체험장2(체력단련장앞)","도심공원","37.5903373293038","126.933669856585","1","2021-01-27"
"서대문구","백련근린공원체험장3(갈림길)","도심공원","37.5903373293038","126.933669856585","1","2021-01-27"
"서대문구","백련근린공원체험장4(육각정)","도심공원","37.5903373293038","126.933669856585","1","2021-01-27"
"서대문구","백련근린공원체험장5(원두막앞)","도심공원","37.5903373293038","126.933669856585","1","2021-01-27"
"서대문구","개미마을어린이놀이터1(세검정로4길129-34)","도심공원","37.5908677520845","126.953922169312","1","2021-01-27"
"서대문구","개미마을어린이놀이터2","도심공원","37.5908677520845","126.953922169312","1","2021-01-27"
"서대문구","개미마을어린이놀이터3","도심공원","37.5908677520845","126.953922169312","1","2021-01-27"
"서대문구","쌈지마당어린이놀이터1(문화촌2길26(홍제동10-9))","도심공원","37.5909387300797","126.950319148479","1","2021-01-27"
"서대문구","쌈지마당어린이놀이터2","도심공원","37.5909387300797","126.950319148479","1","2021-01-27"
"서대문구","쌈지마당어린이놀이터3","도심공원","37.5909387300797","126.950319148479","1","2021-01-27"
"서대문구","쌈지마당어린이놀이터4","도심공원","37.5909387300797","126.950319148479","1","2021-01-27"
"서대문구","인왕소공원(홍제동260-1)","도심공원","37.5912586045709","126.945461658727","1","2021-01-27"
"서대문구","홍제공원1(홍제3동454-2)","도심공원","37.593882","126.952475","1","2021-01-27"
"서대문구","홍제공원2(홍제3동454-2)","도심공원","37.593882","126.952475","1","2021-01-27"
"서대문구","홍제공원3(홍제3동454-2)","도심공원","37.593882","126.952475","1","2021-01-27"
"서대문구","홍제공원4(홍제3동454-2)","도심공원","37.593882","126.952475","1","2021-01-27"
"서대문구","홍제공원5(홍제3동454-2)","도심공원","37.593882","126.952475","1","2021-01-27"
"서대문구","홍제공원6(홍제3동454-2)","도심공원","37.593882","126.952475","1","2021-01-27"
"서대문구","홍제공원7(홍제3동454-2)","도심공원","37.593882","126.952475","1","2021-01-27"
"서대문구","홍제공원8(홍제3동454-2)","도심공원","37.593882","126.952475","1","2021-01-27"
"서대문구","홍은12구역소공원(통일로48가길37)","도심공원","37.5941469126394","126.942082575394","4","2021-01-27"
"서대문구","문화공원1(세검정로4길12)","도심공원","37.5945900718764","126.948762711307","1","2021-01-27"
"서대문구","문화공원2(세검정로4길12)","도심공원","37.5945900718764","126.948762711307","1","2021-01-27"
"서대문구","문화공원3(세검정로4길12)","도심공원","37.5945900718764","126.948762711307","1","2021-01-27"
"서대문구","문화공원4(세검정로4길12)","도심공원","37.5945900718764","126.948762711307","1","2021-01-27"
"서대문구","실락어린이공원(홍은동 455-4 일대)","도심공원","37.5947711248016","126.942948128588","10","2021-01-27"
"서대문구","북한산자락길화장실앞1(홍은동71-1026)","도심공원","37.5948864972147","126.942653885914","1","2021-01-27"
"서대문구","북한산자락길화장실앞2(홍은동71-1026)","도심공원","37.5948864972147","126.942653885914","1","2021-01-27"
"서대문구","북한산자락길화장실앞3(홍은동71-1026)","도심공원","37.5948864972147","126.942653885914","1","2021-01-27"
"서대문구","북한산자락길화장실앞4(홍은동71-1026)","도심공원","37.5948864972147","126.942653885914","1","2021-01-27"
"서대문구","보은소공원1(홍은동48-26)","도심공원","37.5949515281683","126.946621684183","1","2021-01-27"
"서대문구","보은소공원2(홍은동48-26)","도심공원","37.5949515281683","126.946621684183","1","2021-01-27"
"서대문구","문화촌어린이공원1(홍제3동277-82)","도심공원","37.5951847771137","126.947481054317","1","2021-01-27"
"서대문구","문화촌어린이공원2(홍제3동277-82)","도심공원","37.5951847771137","126.947481054317","1","2021-01-27"
"서대문구","백련근린공원(저류지)1(홍은2동산11)","도심공원","37.5960807582216","126.934844713606","1","2021-01-27"
"서대문구","백련근린공원(저류지)2(홍은2동산11)","도심공원","37.5960807582216","126.934844713606","1","2021-01-27"
"서대문구","백련근린공원(저류지)3(홍은2동산11)","도심공원","37.5960807582216","126.934844713606","1","2021-01-27"
"서대문구","옥천소공원(홍은1동","도심공원","37.5962361179974","126.955405397936","4","2021-01-27"
"서대문구","백련근린공원(논골마당)1(홍은2동산11)","도심공원","37.596422","126.934599","1","2021-01-27"
"서대문구","백련근린공원(논골마당)2(홍은2동산11)","도심공원","37.596422","126.934599","1","2021-01-27"
"서대문구","백련근린공원(논골마당)3(홍은2동산11)","도심공원","37.596422","126.934599","1","2021-01-27"
"서대문구","백련근린공원(논골마당)4(홍은2동산11)","도심공원","37.596422","126.934599","1","2021-01-27"
"서대문구","백련근린공원(화장실앞)1(홍은2동산11)","도심공원","37.596431","126.934132","1","2021-01-27"
"서대문구","백련근린공원(화장실앞)2(홍은2동산11)","도심공원","37.596431","126.934132","1","2021-01-27"
"서대문구","백련근린공원(화장실앞)3(홍은2동산11)","도심공원","37.596431","126.934132","1","2021-01-27"
"서대문구","백련근린공원(화장실앞)4(홍은2동산11)","도심공원","37.596431","126.934132","1","2021-01-27"
"서대문구","소공원(홍은동 24-102)","도심공원","37.5964959231915","126.94618281337","6","2021-01-27"
"서대문구","홍제3동 287-121(불천어린이공원)","도심공원","37.597109","126.94778","6","2021-01-27"
"서대문구","중앙소공원1(홍은동9-498)","도심공원","37.5987872571237","126.947645314155","1","2021-01-27"
"서대문구","중앙소공원2","도심공원","37.5987872571237","126.947645314155","1","2021-01-27"
"서대문구","호박골놀이터(비상벨)(홍은1동14-3)","도심공원","37.6006858760093","126.945483699406","1","2021-01-27"
"서대문구","호박골놀이터1","도심공원","37.6006858760093","126.945483699406","1","2021-01-27"
"서대문구","호박골놀이터2","도심공원","37.6006858760093","126.945483699406","1","2021-01-27"
"서대문구","홍은한마당화장실1(홍은동산1-85)","도심공원","37.6010526419008","126.944175205934","1","2021-01-27"
"서대문구","홍은한마당화장실2(홍은동산1-85)","도심공원","37.6010526419008","126.944175205934","1","2021-01-27"
"서대문구","홍박공원1(홍은1동11-23)","도심공원","37.6015451432254","126.948969867794","1","2021-01-27"
"서대문구","홍박공원2","도심공원","37.6015451432254","126.948969867794","1","2021-01-27"
"서대문구","홍박공원3","도심공원","37.6015451432254","126.948969867794","1","2021-01-27"
"서대문구","홍박공원4","도심공원","37.6015451432254","126.948969867794","1","2021-01-27"
"서대문구","홍박공원5","도심공원","37.6015451432254","126.948969867794","1","2021-01-27"
"서대문구","홍박공원6","도심공원","37.6015451432254","126.948969867794","1","2021-01-27"
"서대문구","홍박공원7","도심공원","37.6015451432254","126.948969867794","1","2021-01-27"
"서대문구","홍박공원8","도심공원","37.6015451432254","126.948969867794","1","2021-01-27"
"서대문구","홍은동어린이공원1(홍은동8-158)","도심공원","37.6016519578868","126.950417594495","1","2021-01-27"
"서대문구","홍은동어린이공원2(홍은동8-158)","도심공원","37.6016519578868","126.950417594495","1","2021-01-27"
"서대문구","호박골공원(주택입구)1(홍은중앙로9길88)","도심공원","37.6026269263966","126.946674952595","1","2021-01-27"
"서대문구","호박골공원(주택입구)2(홍은중앙로9길88)","도심공원","37.6026269263966","126.946674952595","1","2021-01-27"
"서대문구","호박골공원(주택입구)3(홍은중앙로9길88)","도심공원","37.6026269263966","126.946674952595","1","2021-01-27"
"서대문구","호박골공원(놀이시설)(홍은중앙로9길88)","도심공원","37.6030731774498","126.946975360005","1","2021-01-27"
"서대문구","호박골공원(관리사무소)1(홍은중앙로9길88)","도심공원","37.6033309393385","126.947160968869","1","2021-01-27"
"서대문구","호박골공원(관리사무소)2(홍은중앙로9길88)","도심공원","37.6033309393385","126.947160968869","1","2021-01-27"
"서대문구","호박골공원(아파트입구)1(홍은중앙로9길88)","도심공원","37.6034620511848","126.94772369632","1","2021-01-27"
"서대문구","호박골공원(아파트입구)2(홍은중앙로9길88)","도심공원","37.6034620511848","126.94772369632","1","2021-01-27"
"서대문구","호박골공원(아파트입구)3(홍은중앙로9길88)","도심공원","37.6034620511848","126.94772369632","1","2021-01-27"
"서대문구","호박골공원(축구장)(홍은중앙로9길88)","도심공원","37.6035151758543","126.946830520718","1","2021-01-27"
"서대문구","호박골공원(배드민턴장)1(홍은중앙로9길88)","도심공원","37.6038339230736","126.947189936726","1","2021-01-27"
"서대문구","호박골공원(배드민턴장)3(홍은중앙로9길88)","도심공원","37.6038339230736","126.947189936726","1","2021-01-27"
"서대문구","북한산도시자연공원1(홍은중앙로171-3홍은동8-876)","도심공원","37.6058003528272","126.949951110505","1","2021-01-27"
"서대문구","북한산도시자연공원2","도심공원","37.6058003528272","126.949951110505","1","2021-01-27"
"서대문구","연세로2(창천동18-49)","방범","37.5557960323787","126.936987157887","1","2021-01-27"
"서대문구","연세로2길 9","방범","37.55598695","126.9375422","4","2021-01-27"
"서대문구","연세로2길31(창천동29-16)","방범","37.5563071476834","126.938603906746","4","2021-01-27"
"서대문구","연세로5다길22-3(창천동62-22)","방범","37.5566748003296","126.934305364418","1","2021-01-27"
"서대문구","연세로4길39(창천동13-55)","방범","37.5569452011045","126.93822580091","5","2021-01-27"
"서대문구","연세로2다길24(창천동20-32)","방범","37.5569579589969","126.939596409717","2","2021-01-27"
"서대문구","연세로2다길28(창천동20-20)","방범","37.5569579589969","126.939596409717","2","2021-01-27"
"서대문구","이화여대2길6(대현동45-38)","방범","37.557351399787","126.946241402447","4","2021-01-27"
"서대문구","신촌로27안길 40","방범","37.557359","126.949804","4","2021-01-27"
"서대문구","연세로2라길 17앞","방범","37.557377","126.940184","4","2021-01-27"
"서대문구","연세로20(창천동9-20)","방범","37.5574283403208","126.937034328101","1","2021-01-27"
"서대문구","연세로2라길35(창천동4-110)","방범","37.5574967783166","126.941278737435","5","2021-01-27"
"서대문구","이화여대1길42-8(대현동90-54)","방범","37.5575700839214","126.943534915344","4","2021-01-27"
"서대문구","신촌로43(창천동113-10)","방범","37.5576040207565","126.93135464418","5","2021-01-27"
"서대문구","연세로2나길47(창천동4-62)","방범","37.557669031096","126.939238728836","3","2021-01-27"
"서대문구","신촌로33길7(북아현동156-1)","방범","37.5577956487429","126.954340390262","4","2021-01-27"
"서대문구","신촌로275(북아현1동135-4)","방범","37.5578249575099","126.956821635582","5","2021-01-27"
"서대문구","이화여대1길 42-14","방범","37.557857130196","126.943553893238","4","2021-01-27"
"서대문구","신촌로9길 28","방범","37.55785879","126.9324627","2","2021-01-27"
"서대문구","연세로7안길 13","방범","37.55809008","126.9360018","2","2021-01-27"
"서대문구","연세로2나길47(창천동4-62)","방범","37.5580904096609","126.940082317791","4","2021-01-27"
"서대문구","연세로7안길 26","방범","37.5581499546962","126.935276148768","5","2021-01-27"
"서대문구","신촌로37길(북아현1동907-3)","방범","37.558307","126.959933","3","2021-01-27"
"서대문구","신촌로3가길 12","방범","37.558331092891","126.929625010258","4","2021-01-27"
"서대문구","연세로2라길55(창천동4-22)","방범","37.5583763299935","126.941332055416","5","2021-01-27"
"서대문구","신촌역로17(대현동110-20)","방범","37.558381","126.942163","4","2021-01-27"
"서대문구","북아현로4나길 19-6","방범","37.558393","126.957308","3","2021-01-27"
"서대문구","북아현로4라길22-6(북아현1동82)","방범","37.5584786313599","126.958142402447","1","2021-01-27"
"서대문구","이화여대5길23(대현동37-18)","방범","37.5585417922934","126.944736747414","4","2021-01-27"
"서대문구","연세로2다길88(대현동110-45)","방범","37.5585821995571","126.941637069941","4","2021-01-27"
"서대문구","연세로4길73(창천동5-6)","방범","37.5586217779052","126.940340711639","1","2021-01-27"
"서대문구","명물1길38(창천동50-3)","방범","37.558732156634","126.93796021842","4","2021-01-27"
"서대문구","이화여대7길22(대현동37-2)","방범","37.5587791417492","126.944511557631","5","2021-01-27"
"서대문구","북아현로4가길21(북아현1동695)","방범","37.5588806514811","126.958998","1","2021-01-27"
"서대문구","북아현로4자길15(북아현1동113-22)","방범","37.5588806514811","126.958998","4","2021-01-27"
"서대문구","북아현로1가길55(북아현2동217)","방범","37.5590687675759","126.95130064418","4","2021-01-27"
"서대문구","창천동248","방범","37.5591005658119","126.930111029525","2","2021-01-27"
"서대문구","신촌로7길 46","방범","37.5592057675212","126.932447766865","4","2021-01-27"
"서대문구","신촌로7길46(창천동100-133)","방범","37.5592057675212","126.932447766865","1","2021-01-27"
"서대문구","연세로42(창천동80-16)","방범","37.5592446095423","126.937008302444","1","2021-01-27"
"서대문구","신촌로1길29(창천동511-5)","방범","37.559279840224","126.929164343255","1","2021-01-27"
"서대문구","성산로22길 34","방범","37.559362","126.934371","5","2021-01-27"
"서대문구","연세로42-22(창천동2-46)","방범","37.5593669867836","126.938252527613","4","2021-01-27"
"서대문구","이화여대길88-13맞은편(대현동34-38맞은편)","방범","37.5593833523777","126.943939690807","3","2021-01-27"
"서대문구","북아현로4길26(북아현1동117-29)","방범","37.5593916759278","126.95800458206","1","2021-01-27"
"서대문구","이화여대길52-39(대현동34-19)","방범","37.5594094518247","126.945138976686","3","2021-01-27"
"서대문구","북아현동 1009-2(푸르지오 106보이는 커브)","방범","37.55949262","126.9509539","2","2021-01-27"
"서대문구","이화여대길 72-5","방범","37.5595786642794","126.944467335219","4","2021-01-27"
"서대문구","연희로2안길 7-22","방범","37.559743380012","126.927677030385","1","2021-01-27"
"서대문구","연희로2안길7-22(창천동470)","방범","37.559743380012","126.927677030385","4","2021-01-27"
"서대문구","신촌로7안길79(창천동90-46)","방범","37.5599997770401","126.931962597553","1","2021-01-27"
"서대문구","북아현로4바길25(북아현동117-8)","방범","37.560021427852","126.958916186508","5","2021-01-27"
"서대문구","성산로22길24-24(창천동91-7)","방범","37.5600831458516","126.932646461308","3","2021-01-27"
"서대문구","북아현로4마길 36","방범","37.56011317","126.9601396","4","2021-01-27"
"서대문구","충정로4길25(충정로3가284)","방범","37.5602359509826","126.96436823602","4","2021-01-27"
"서대문구","북아현로4사길21(북아현1동593)","방범","37.5602650728795","126.959771449074","5","2021-01-27"
"서대문구","신촌로1길65(창천동386)","방범","37.5603111555076","126.928203139881","1","2021-01-27"
"서대문구","신촌로3길62(창천동222)","방범","37.5604087420135","126.930533055225","4","2021-01-27"
"서대문구","신촌로7안길59(창천동100-23)","방범","37.560464302693","126.931054463995","4","2021-01-27"
"서대문구","연희로2안길7-8(창천동465)","방범","37.5604990194347","126.927378938658","1","2021-01-27"
"서대문구","충정로2길 17","방범","37.56079444","126.9644372","5","2021-01-27"
"서대문구","북아현로4차길5(북아현동113-54)","방범","37.5609970201634","126.960112301344","4","2021-01-27"
"서대문구","경기대로21-6(충정로3가32-35))","방범","37.5610319425191","126.961729347221","3","2021-01-27"
"서대문구","성산로20길22(창천동97-114)","방범","37.5611759084804","126.931866248528","1","2021-01-27"
"서대문구","연희로4길 24","방범","37.5613036595709","126.928146504299","1","2021-01-27"
"서대문구","연희로4길17(연희3동351-25)","방범","37.5613036595709","126.928146504299","1","2021-01-27"
"서대문구","경기대로1안길 15","방범","37.56163727","126.9606493","4","2021-01-27"
"서대문구","성산로18길19(연희3동344-140)","방범","37.5619102617421","126.930614775463","1","2021-01-27"
"서대문구","북아현로6길104-3(북아현동118-99)","방범","37.5620069583045","126.958454696174","5","2021-01-27"
"서대문구","경기대로30(충정로3가120-2)","방범","37.5621283347441","126.961867303018","1","2021-01-27"
"서대문구","경기대로3길51-2(충정로3가8-14)","방범","37.562131","126.959587","1","2021-01-27"
"서대문구","경기대로3길15(충정로3가8-5)","방범","37.5622477344571","126.960861988955","4","2021-01-27"
"서대문구","북아현로14나길19(충정로3가7-68)","방범","37.5623332017383","126.95904953373","5","2021-01-27"
"서대문구","충정로38-12","방범","37.5623844731849","126.965137985346","3","2021-01-27"
"서대문구","미근동112","방범","37.5625738830863","126.966165174274","2","2021-01-27"
"서대문구","성산로16길22맞은편(연희동345-36맞은편)","방범","37.5626294383378","126.929499283085","1","2021-01-27"
"서대문구","북아현로11가길18(북아현동180-22)","방범","37.5627600196786","126.95468783772","4","2021-01-27"
"서대문구","연희로6길19(연희동334-81)","방범","37.5627952781172","126.929217651139","1","2021-01-27"
"서대문구","충정로5길10(충정로3가164-1)","방범","37.5628418659161","126.96251981101","2","2021-01-27"
"서대문구","충정로7길29-18(충정로3가180-19)","방범","37.5628418659161","126.96251981101","1","2021-01-27"
"서대문구","북아현로11가길 18","방범","37.56288032","126.9549177","1","2021-01-27"
"서대문구","경기대로5길 6","방범","37.5629084796361","126.961643933814","3","2021-01-27"
"서대문구","성산로 380","방범","37.562958","126.93072","4","2021-01-27"
"서대문구","경기대로5길30(충정로3가3-52)","방범","37.5629844430564","126.960337842414","1","2021-01-27"
"서대문구","북아현로11가길 18","방범","37.5629845024157","126.954791681194","1","2021-01-27"
"서대문구","경기대로5길 21","방범","37.56301215","126.96113729","2","2021-01-27"
"서대문구","성산로17길7맞은편(연희동344-24맞은편)","방범","37.5630385751504","126.931639992027","4","2021-01-27"
"서대문구","북아현로14나길 1","방범","37.56318628","126.95907","3","2021-01-27"
"서대문구","북아현로14길40(북아현3동3-68)","방범","37.563308144287","126.957680813492","1","2021-01-27"
"서대문구","충정로7길15(충정로3가189-4)","방범","37.5634523422946","126.964093197662","4","2021-01-27"
"서대문구","연희동340-59","방범","37.563553550241","126.932398426195","2","2021-01-27"
"서대문구","연대동문길 26","방범","37.56374828","126.943723","5","2021-01-27"
"서대문구","연희로10길77부근(연희동30)","방범","37.5638968145009","126.933426961971","4","2021-01-27"
"서대문구","연희로10가길15-8(연희동340-8)","방범","37.5639293535456","126.931922020761","4","2021-01-27"
"서대문구","북아현로19길 3","방범","37.563993","126.953371","4","2021-01-27"
"서대문구","북아현로18길 20","방범","37.5640113725361","126.95514053296","4","2021-01-27"
"서대문구","북아현로18길 9","방범","37.5640113725361","126.95514053296","1","2021-01-27"
"서대문구","북아현로14길58(북아현3동3-392)","방범","37.5640124592329","126.958164349703","1","2021-01-27"
"서대문구","성산로17길38(연희동339-6)","방범","37.5640463595037","126.933091067104","3","2021-01-27"
"서대문구","경기대로7길34-15(충정로3가3-63)","방범","37.5640581076105","126.960151897571","4","2021-01-27"
"서대문구","북아현로20길74(북아현동1-45)","방범","37.5640592337243","126.957424060015","5","2021-01-27"
"서대문구","연희로5길 14","방범","37.5641237414868","126.927836372131","4","2021-01-27"
"서대문구","북아현로18길 9","방범","37.56412405649","126.954559834708","4","2021-01-27"
"서대문구","경기대로9안길 6","방범","37.564146","126.961607","3","2021-01-27"
"서대문구","북아현로20길 51 앞","방범","37.564243","126.956078","5","2021-01-27"
"서대문구","북아현로22나길121(북아현3동1-696)","방범","37.5643452407869","126.959029107912","1","2021-01-27"
"서대문구","북아현로20길 28","방범","37.5643959602221","126.954808609037","5","2021-01-27"
"서대문구","연희로10가길51-27(연희동340-40)","방범","37.5644517290276","126.931586966586","2","2021-01-27"
"서대문구","연희로82(연희3동194-34)","방범","37.5648236304546","126.930448836805","1","2021-01-27"
"서대문구","북아현로22길34(북아현3동1-93)","방범","37.565002","126.95433","5","2021-01-27"
"서대문구","북아현로97(북아현3동187-1)","방범","37.5650422410092","126.952563976629","1","2021-01-27"
"서대문구","동교로 296-6","방범","37.565093","126.928157","3","2021-01-27"
"서대문구","연희로10길42(연희동309-1)","방범","37.5652262981029","126.932630130705","4","2021-01-27"
"서대문구","충정로11길 9","방범","37.565538","126.965737","5","2021-01-27"
"서대문구","독립문로8길140맞은편(충정로3가3-324)","방범","37.5655432455239","126.960142747072","3","2021-01-27"
"서대문구","경기대로11길16(충정로2가61)","방범","37.565784773408","126.963745833574","3","2021-01-27"
"서대문구","연희로10길43-55(연희3동42-31)","방범","37.5658117648818","126.933615775463","1","2021-01-27"
"서대문구","대신동 47 이대부고 정문앞","방범","37.56594","126.946645","3","2021-01-27"
"서대문구","독립문로8길114(북아현동1-1832)","방범","37.5659444205834","126.958557860119","5","2021-01-27"
"서대문구","북아현로22나길","방범","37.5659576391266","126.954590278853","1","2021-01-27"
"서대문구","북아현로22나길 30","방범","37.5659576391266","126.954590278853","1","2021-01-27"
"서대문구","연희로10길15(연희동187-3)","방범","37.5661466089517","126.931675955205","4","2021-01-27"
"서대문구","경기대로83-7(충정로2가65-33)","방범","37.5661556977839","126.96409779266","3","2021-01-27"
"서대문구","북아현로22나길11(북아현3동1-362)","방범","37.5662746470497","126.953602139881","1","2021-01-27"
"서대문구","북아현로22가길 25-20","방범","37.56636538","126.9523499","5","2021-01-27"
"서대문구","연희로41라길 30 현성정사 옆","방범","37.566447","126.965155","3","2021-01-27"
"서대문구","통일로9안길 17","방범","37.566447","126.965155","4","2021-01-27"
"서대문구","연대동문길 105","방범","37.5666061303285","126.946020154377","4","2021-01-27"
"서대문구","연희로11가길 38","방범","37.566725","126.927967","4","2021-01-27"
"서대문구","성산로13길10맞은편(연희동421-16맞은편)","방범","37.5668231749862","126.926273975645","4","2021-01-27"
"서대문구","연희로14길62-13(연희동51-74)","방범","37.5668615445268","126.934741380159","4","2021-01-27"
"서대문구","독립문로12나길33(천연동120-90)","방범","37.5670472636215","126.95949230542","1","2021-01-27"
"서대문구","성산로11길11(연희동436-5)","방범","37.5670754215443","126.925247480148","4","2021-01-27"
"서대문구","천연동 120-29","방범","37.567089","126.960118","2","2021-01-27"
"서대문구","천연동 120-55","방범","37.567125","126.960494","4","2021-01-27"
"서대문구","연희맛로28(연희1동137-6)","방범","37.5671589167649","126.930261556928","5","2021-01-27"
"서대문구","성산로9길36(연희1동413-60)","방범","37.5671888821643","126.924296154596","1","2021-01-27"
"서대문구","성산로7안길43(연희1동446-196)","방범","37.5672152684149","126.92153664418","1","2021-01-27"
"서대문구","성산로7길 87","방범","37.567329","126.923168","4","2021-01-27"
"서대문구","독립문로12가길 10-7","방범","37.5673883115615","126.96026094676","3","2021-01-27"
"서대문구","연희로14길 58","방범","37.5674154","126.9348286","2","2021-01-27"
"서대문구","연희로14길 63-32","방범","37.5674154","126.9348286","3","2021-01-27"
"서대문구","봉원사2길2(대신동125-26)","방범","37.5676230404832","126.946293402447","1","2021-01-27"
"서대문구","성산로24길26(신촌동2-156)","방범","37.5676683118012","126.948003055921","4","2021-01-27"
"서대문구","독립문로12가길6(천연동120-20)","방범","37.56771412435","126.960728813492","1","2021-01-27"
"서대문구","성산로11길37(연희동434-33)","방범","37.567842","126.925353","2","2021-01-27"
"서대문구","성산로11길39(연희동434-41)","방범","37.567842","126.925353","1","2021-01-27"
"서대문구","봉원사2길10-1(대신동143-9)","방범","37.5678824133572","126.946872759594","5","2021-01-27"
"서대문구","신촌로1길41(창천동511-6)","방범","37.5678824133572","126.946872759594","5","2021-01-27"
"서대문구","독립문로12나길2(천연동120-2)","방범","37.567913224758","126.960734848462","4","2021-01-27"
"서대문구","성산로24길41(신촌동2-135)","방범","37.5680288111439","126.948652614487","2","2021-01-27"
"서대문구","연희로18길36(연희3동48-34)","방범","37.568120680871","126.934061139881","5","2021-01-27"
"서대문구","독립문로10길19(천연동112)","방범","37.568163","126.960801","5","2021-01-27"
"서대문구","천연동 42-3","방범","37.568253","126.961741","2","2021-01-27"
"서대문구","성산로7길19-13(연희1동446-140)","방범","37.5682691475932","126.919028186566","1","2021-01-27"
"서대문구","연대동문1길 28","방범","37.5683717343952","126.945230855875","3","2021-01-27"
"서대문구","연희로16길39(연희동69-1)","방범","37.568389827325","126.932795836979","4","2021-01-27"
"서대문구","연희로11나길 32","방범","37.568429","126.928338","3","2021-01-27"
"서대문구","독립문로8길36(천연동90-6)","방범","37.5685507674555","126.959548239716","4","2021-01-27"
"서대문구","봉원사2길 34앞","방범","37.568567","126.947629","4","2021-01-27"
"서대문구","연희로15길31(연희1동124-44)","방범","37.5687550708199","126.930409976686","5","2021-01-27"
"서대문구","연희로11마길39-7(연희동437-25)","방범","37.5687614934208","126.926333856483","4","2021-01-27"
"서대문구","독립문로8길 12","방범","37.5687658924102","126.960714945633","4","2021-01-27"
"서대문구","연희로16길36-10(연희2동88-26)","방범","37.568776335356","126.93345388776","4","2021-01-27"
"서대문구","홍제천로16-2(연희1동542-44)","방범","37.5689534090461","126.918803840667","1","2021-01-27"
"서대문구","연희로11길61(연희1동126-1)","방범","37.56907","126.92858","4","2021-01-27"
"서대문구","봉원사1안길35(대신동140-1)","방범","37.569074251939","126.94533864418","1","2021-01-27"
"서대문구","연희로11마길 38","방범","37.5691439996367","126.926546232682","4","2021-01-27"
"서대문구","독립문로4길28(옥천동126-130)","방범","37.5692780131741","126.959802349703","5","2021-01-27"
"서대문구","모래내로13길13(남가좌동104-115)","방범","37.5694310935553","126.916767571803","4","2021-01-27"
"서대문구","연희로11마길52(연희1동113-2)","방범","37.5694896374538","126.926164877315","1","2021-01-27"
"서대문구","연희로11바길42(연희1동114-13)","방범","37.5694896374538","126.926164877315","2","2021-01-27"
"서대문구","연희로11마길80(연희동444-44)","방범","37.5697194159504","126.924541495701","4","2021-01-27"
"서대문구","수색로2길22(남가좌1동102-36)","방범","37.569756282024","126.916085621836","4","2021-01-27"
"서대문구","홍제천로2길 30-25","방범","37.5699067086422","126.920682939365","2","2021-01-27"
"서대문구","홍제천로2길 37","방범","37.5699067086422","126.920682939365","5","2021-01-27"
"서대문구","옥천동99","방범","37.5699135264975","126.960546728836","2","2021-01-27"
"서대문구","연희로11사길27(연희동114-16)","방범","37.569982650271","126.926238312541","4","2021-01-27"
"서대문구","연희로11길88(연희동117-5)","방범","37.5700935355613","126.927784354492","5","2021-01-27"
"서대문구","홍제천로2길54-2(연희동537-48)","방범","37.5701334083478","126.921688","4","2021-01-27"
"서대문구","연대동문1길 73앞","방범","37.570136","126.943756","3","2021-01-27"
"서대문구","수색로4가길 ","방범","37.5701965694548","126.913662288954","4","2021-01-27"
"서대문구","연희로11사길 8-19","방범","37.570216","126.926606","3","2021-01-27"
"서대문구","홍제천로54-49(연희동537-30)","방범","37.5702258335883","126.923054262566","4","2021-01-27"
"서대문구","모래내로13길 23","방범","37.570248388248","126.916911477868","1","2021-01-27"
"서대문구","모래내로13길25-6(남가좌1동150-74141-20)","방범","37.570248388248","126.916911477868","2","2021-01-27"
"서대문구","봉원사길 75-11 숲속한방랜드","방범","37.570315","126.945741","2","2021-01-27"
"서대문구","연희로15길83-9(연희동119-7)","방범","37.5704358111713","126.928296656414","4","2021-01-27"
"서대문구","연희로11아길18(연희동110-9)","방범","37.5705429777569","126.926245550926","4","2021-01-27"
"서대문구","수색로4가길12-5(남가좌1동289-54)","방범","37.5705671044074","126.915051562567","1","2021-01-27"
"서대문구","수색로4가길14-4(남가좌1동289-43)","방범","37.5705692303342","126.914520485182","5","2021-01-27"
"서대문구","독립문로3길9(영천동69-54)","방범","37.5705796487013","126.960544049521","1","2021-01-27"
"서대문구","연희로15길 77","방범","37.57078264","126.9287732","5","2021-01-27"
"서대문구","남가좌1동289-47","방범","37.5709030000896","126.914831621427","2","2021-01-27"
"서대문구","연희로24길12-3(연희3동96-12)","방범","37.5709522959116","126.936135464295","1","2021-01-27"
"서대문구","가재울미래로2(남가좌동155-328맞은편)","방범","37.5713905560145","126.916592228211","4","2021-01-27"
"서대문구","홍제천로58-8(연희1동529-20)","방범","37.5714421547943","126.921917457672","4","2021-01-27"
"서대문구","연희로15길103(연희1동109-1)","방범","37.5715993848747","126.928017434359","5","2021-01-27"
"서대문구","모래내로179(남가좌동115-62)","방범","37.5717115986677","126.920621668214","2","2021-01-27"
"서대문구","홍제천로2길99(연희1동523-24)","방범","37.5718960356045","126.92339657424","4","2021-01-27"
"서대문구","증가로 49-1","방범","37.5721080310944","126.929037983856","5","2021-01-27"
"서대문구","증가로2안길14(연희2동200)","방범","37.5723273846461","126.930751597553","1","2021-01-27"
"서대문구","연희동 196-1","방범","37.57273","126.929493","4","2021-01-27"
"서대문구","연희로26길28(연희동79-3)","방범","37.5727997711924","126.937106517106","4","2021-01-27"
"서대문구","증가로2길53(연희동104-3)","방범","37.5730959963546","126.928757676637","4","2021-01-27"
"서대문구","연희동 697","방범","37.57348109","126.9242486","6","2021-01-27"
"서대문구","연희로29길 40-28 맞은편","방범","37.5736668027617","126.933226667693","2","2021-01-27"
"서대문구","증가로2길 74","방범","37.57380154296","126.928062581544","4","2021-01-27"
"서대문구","연희로191(연희동77-30)","방범","37.5741180555792","126.935307075447","4","2021-01-27"
"서대문구","수색로 100-55앞(북가좌제1동 주민센터)","방범","37.574134","126.910512","4","2021-01-27"
"서대문구","가재울로2길18(남가좌동331-8)","방범","37.5743607745836","126.923194055225","5","2021-01-27"
"서대문구","통일로279-75(현저동1019)","방범","37.5744929899559","126.95188961085","4","2021-01-27"
"서대문구","가재울로4길 6","방범","37.574511","126.922476","4","2021-01-27"
"서대문구","연희로28길33맞은편(연희동138-21맞은편)","방범","37.5746910034241","126.93754216204","6","2021-01-27"
"서대문구","가재울로2안길27(남가좌2동331-31)","방범","37.574855","126.924193","1","2021-01-27"
"서대문구","홍연길16","방범","37.5749484451331","126.927786080596","4","2021-01-27"
"서대문구","가재울로6길12(남가좌동73-346)","방범","37.575058886986","126.922376038029","5","2021-01-27"
"서대문구","수색로10길8(북가좌동383-7)","방범","37.575286199883","126.905452413477","4","2021-01-27"
"서대문구","가재울로4길36(남가좌동335-14)","방범","37.5753970781577","126.92370215575","5","2021-01-27"
"서대문구","거북골로 91-6","방범","37.5754683308815","126.91975921097","4","2021-01-27"
"서대문구","홍제천로 136인근(연희파크 푸르지오 102동앞 정류장)","방범","37.57553433","126.9276172","3","2021-01-27"
"서대문구","홍연길37(연희동711-31)","방범","37.5755580195109","126.928897008598","4","2021-01-27"
"서대문구","연희로31길 41","방범","37.575619","126.93316","3","2021-01-27"
"서대문구","수색로8길26(북가좌동385-1)","방범","37.575778","126.906526","5","2021-01-27"
"서대문구","연희로31길19-2(연희2동151-84)","방범","37.5759153100054","126.934271586012","1","2021-01-27"
"서대문구","가재울로8길29(남가좌2동73-191)","방범","37.5760295154302","126.92276482209","5","2021-01-27"
"서대문구","홍연8길7(연희동721-1)연희동723-29호","방범","37.5763154843219","126.931588278229","5","2021-01-27"
"서대문구","가재울로67(남가좌2동190-1)","방범","37.5763866531878","126.920771326389","5","2021-01-27"
"서대문구","홍연6안길 13","방범","37.57644906","126.9329537","4","2021-01-27"
"서대문구","가재울로4길57-8(남가좌동338-33)","방범","37.5764573955068","126.924113279762","5","2021-01-27"
"서대문구","수색로8가길23(북가좌1동372-19)","방범","37.576465","126.905502","3","2021-01-27"
"서대문구","수색로8길46(북가좌1동186-115)","방범","37.5766169338631","126.907229108729","4","2021-01-27"
"서대문구","연희로31길24-13맞은편(연희동151-55맞은편)","방범","37.5766564574798","126.934208285879","5","2021-01-27"
"서대문구","홍연8길3(연희동721)","방범","37.5766666338697","126.931188007654","4","2021-01-27"
"서대문구","연희동 151-9","방범","37.57674476","126.9346967","4","2021-01-27"
"서대문구","증가로4길9(남가좌2동339-9)","방범","37.5767537725342","126.925837139881","1","2021-01-27"
"서대문구","가재울로10길34(남가좌2동346-4)","방범","37.576757","126.922804","4","2021-01-27"
"서대문구","홍연6길46(연희동723-10)","방범","37.5768192883873","126.9326209287","4","2021-01-27"
"서대문구","가좌로17(연희동724-8)","방범","37.5768212730091","126.93365923174","5","2021-01-27"
"서대문구","가재울6길53-87(연계)(남가좌동345-4)","방범","37.5768505329473","126.923380674938","2","2021-01-27"
"서대문구","수색로8가길34(북가좌동373-3)","방범","37.576917190395","126.904985332443","2","2021-01-27"
"서대문구","가재울로14길22(남가좌동64-8)","방범","37.5770133490052","126.921599346306","5","2021-01-27"
"서대문구","증가로4길38-8(홍은2동415-67)","방범","37.577053","126.927416","1","2021-01-27"
"서대문구","현저동1-266","방범","37.577053485025","126.953874227278","2","2021-01-27"
"서대문구","불광천길14(북가좌동350-4)","방범","37.5770681181771","126.903864169075","4","2021-01-27"
"서대문구","수색로8길67(북가좌1동380-1)","방범","37.5771483917582","126.906280009069","4","2021-01-27"
"서대문구","증가로197-80(북가좌동75-128)","방범","37.5771697425226","126.915168733365","2","2021-01-27"
"서대문구","거북골로21길 64 합동맨숀 옆","방범","37.577198","126.905255","4","2021-01-27"
"서대문구","통일로17길 48","방범","37.577277","126.953468","4","2021-01-27"
"서대문구","증가로4길39(홍은2동413-17)","방범","37.577417","126.927171","1","2021-01-27"
"서대문구","거북골로14길50(북가좌2동75-155)","방범","37.5774450351337","126.913950512897","1","2021-01-27"
"서대문구","증가로4길52-10(홍은2동415-29)","방범","37.577486","126.928054","1","2021-01-27"
"서대문구","북가좌동 75-106","방범","37.577514","126.914819","5","2021-01-27"
"서대문구","북가좌동427-1","방범","37.577711760716","126.909769442437","4","2021-01-27"
"서대문구","연희로33길17(연희동162-15)","방범","37.5777684133173","126.934696175659","4","2021-01-27"
"서대문구","거북골로21길58(북가좌1동370-1)","방범","37.577802","126.905281","5","2021-01-27"
"서대문구","연희로33나길","방범","37.5778447658345","126.933508","1","2021-01-27"
"서대문구","연희로33나길8(연희2동170-121)","방범","37.5778447658345","126.933508","4","2021-01-27"
"서대문구","증가로4길56(홍은2동415-1)","방범","37.5779025028702","126.928155317791","5","2021-01-27"
"서대문구","연희동 141-5 연북중학교 정문 앞","방범","37.577944","126.937744","4","2021-01-27"
"서대문구","증가로6길31(남가좌동326-32)","방범","37.5779769828501","126.926061085983","5","2021-01-27"
"서대문구","연희로35길13-19(연희2동142-18)","방범","37.5779919325726","126.935019113625","5","2021-01-27"
"서대문구","연희로36길55맞은편(연희동43534맞은편)","방범","37.5780180221917","126.939481766016","5","2021-01-27"
"서대문구","증가로8길42-6(남가좌2동326-21)","방범","37.578028","126.925471","5","2021-01-27"
"서대문구","거북골로 57-1","방범","37.5780497484881","126.921924690847","4","2021-01-27"
"서대문구","거북골로14다길13(북가좌2동75-35)","방범","37.5781176399505","126.914977915344","5","2021-01-27"
"서대문구","증가로4길71(홍은2동405-16)","방범","37.578129","126.928752","1","2021-01-27"
"서대문구","증가로8길21(남가좌2동342-27)","방범","37.578164","126.92483","5","2021-01-27"
"서대문구","거북골로21길30(북가좌1동368-19)","방범","37.5781712214622","126.9066333815","4","2021-01-27"
"서대문구","거북골로53-31(남가좌동343-28)","방범","37.5781819796575","126.923156482844","5","2021-01-27"
"서대문구","북가좌동 75-127","방범","37.57820428","126.9138902","5","2021-01-27"
"서대문구","거북골로18나길28(북가좌동80-131)","방범","37.5782150540568","126.912290218595","5","2021-01-27"
"서대문구","증가로23다길44(북가좌2동75-126)","방범","37.5783280850712","126.914237625656","1","2021-01-27"
"서대문구","모래내로289(홍은2동405-1)","방범","37.5783638860319","126.929742855848","1","2021-01-27"
"서대문구","증가로6길62-26(홍은2동414-26)","방범","37.578379","126.927709","1","2021-01-27"
"서대문구","거북골로18나길9(북가좌동302-26)","방범","37.5783829848399","126.911335352186","5","2021-01-27"
"서대문구","증가로6길52(홍은2동412-26)","방범","37.5784255074293","126.926841608806","1","2021-01-27"
"서대문구","증가로 197-48","방범","37.5785296792817","126.915532986256","5","2021-01-27"
"서대문구","통일로19길 50","방범","37.5785622009421","126.950316053423","2","2021-01-27"
"서대문구","거북골로20길10(북가좌2동307-17)","방범","37.578581","126.909571","4","2021-01-27"
"서대문구","증가로12가길23-43(남가좌2동369-23)","방범","37.5787143882018","126.919392224537","4","2021-01-27"
"서대문구","거북골로14길86맞은편(북가좌2동73-15맞은편)","방범","37.578725","126.913242","3","2021-01-27"
"서대문구","증가로8길47(홍은2동410-45)","방범","37.5787783732088","126.925725809856","1","2021-01-27"
"서대문구","증가로8길33-8(남가좌2동325-43)","방범","37.5788293898096","126.925041846558","1","2021-01-27"
"서대문구","증가로6길79(홍은2동407-38)","방범","37.5789048503903","126.92849234515","1","2021-01-27"
"서대문구","증가로6길82(홍은2동407-18)","방범","37.5789048503903","126.92849234515","4","2021-01-27"
"서대문구","거북골로18길36(북가좌동302-31)","방범","37.5789335400673","126.911370220903","5","2021-01-27"
"서대문구","거북골로14길92(북가좌동73-10)","방범","37.5790884927788","126.9129147705","5","2021-01-27"
"서대문구","거북골로20길24(북가좌2동307-21)","방범","37.579095","126.909958","1","2021-01-27"
"서대문구","증가로21길37-17(북가좌2동74-110)","방범","37.579112","126.914109","5","2021-01-27"
"서대문구","거북골로23길20-4(북가좌동348-9)","방범","37.5791915077917","126.905980512878","4","2021-01-27"
"서대문구","증가로17길23(북가좌동74-214)","방범","37.5792142840751","126.91502553373","4","2021-01-27"
"서대문구","홍은동 456","방범","37.579221","126.932613","3","2021-01-27"
"서대문구","증가로17길24(북가좌동286-25)","방범","37.5793269450291","126.915202559525","1","2021-01-27"
"서대문구","증가로8길 76-10","방범","37.579342","126.927349","3","2021-01-27"
"서대문구","거북골로216(북가좌2동317-11)","방범","37.5794594114146","126.907475897548","1","2021-01-27"
"서대문구","증가로8길67(홍은2동410-21)","방범","37.5794690056333","126.926778940169","1","2021-01-27"
"서대문구","거북골로22길9-6(북가좌2동317-20)","방범","37.5794809036065","126.908314476757","1","2021-01-27"
"서대문구","연희로261-36(홍은2동275-27)","방범","37.5795089293828","126.934264523947","4","2021-01-27"
"서대문구","증가로10길 59","방범","37.579530194231","126.925118756544","5","2021-01-27"
"서대문구","거북골로20길23-41(북가좌2동315-28)","방범","37.5796185851632","126.908862801893","4","2021-01-27"
"서대문구","홍은동산26-179","방범","37.5796276889176","126.931705244202","2","2021-01-27"
"서대문구","거북골로20길 33-8","방범","37.579664","126.910022","3","2021-01-27"
"서대문구","명지길39(홍은2동396-22)","방범","37.5796676564324","126.92970951007","4","2021-01-27"
"서대문구","증가로10길67(홍은2동409-50)","방범","37.579743","126.925507","1","2021-01-27"
"서대문구","증가로21길31(북가좌2동288-9)","방범","37.5798337592781","126.913810046627","4","2021-01-27"
"서대문구","북가좌동 301-2 사거리","방범","37.57984029","126.9119543","3","2021-01-27"
"서대문구","증가로19길13(북가좌동286-14)","방범","37.5798583623247","126.915309847885","4","2021-01-27"
"서대문구","거북골로24길8(북가좌2동347-40317-1)","방범","37.5799355606411","126.907540270565","1","2021-01-27"
"서대문구","거북골로20길45(북가좌2동312-2)","방범","37.5799750507313","126.910541583165","4","2021-01-27"
"서대문구","증가로23길39(북가좌동297-2)","방범","37.5800845870069","126.913069756939","4","2021-01-27"
"서대문구","거북골로22길 29-11","방범","37.580307649046","126.908613856483","3","2021-01-27"
"서대문구","거북골로22길29-51(북가좌2동318-1)","방범","37.580307649046","126.908613856483","1","2021-01-27"
"서대문구","모래내로 340-21","방범","37.5804105840529","126.934481408416","4","2021-01-27"
"서대문구","증가로10길89(홍은2동409-4)","방범","37.580474","126.926628","4","2021-01-27"
"서대문구","증가로23가길1(북가좌2동295-24)","방범","37.580516","126.914255","1","2021-01-27"
"서대문구","증가로20길 7-2","방범","37.58054055","126.9163032","4","2021-01-27"
"서대문구","증가로20길30-14(남가좌2동364-4)","방범","37.5807147808957","126.918006529415","4","2021-01-27"
"서대문구","거북골로20길64(북가좌2동309-14)","방범","37.5807172170185","126.911207727153","1","2021-01-27"
"서대문구","명지길66(홍은2동392-13)","방범","37.5807400203967","126.928772271164","5","2021-01-27"
"서대문구","통일로20길 48","방범","37.5807595768455","126.954283538224","3","2021-01-27"
"서대문구","거북골로20길 43-22","방범","37.580789","126.909771","1","2021-01-27"
"서대문구","거북골로24길42-7(북가좌2동312-17)","방범","37.580789","126.909771","1","2021-01-27"
"서대문구","증가로20가길 14 맞은편","방범","37.5809390832432","126.918893415388","4","2021-01-27"
"서대문구","모래내로347-10(홍은동277-45)","방범","37.5809683429441","126.93433014195","5","2021-01-27"
"서대문구","증가로20길 34(참좋은마트 앞)","방범","37.580969","126.917834","4","2021-01-27"
"서대문구","증가로20가길 37","방범","37.580999835387","126.920169382801","5","2021-01-27"
"서대문구","명지대1나길5-6(남가좌2동5-276)","방범","37.5810116193173","126.922760661377","5","2021-01-27"
"서대문구","증가로24길27(북가좌2동5-128)","방범","37.5810422931343","126.916876909706","5","2021-01-27"
"서대문구","거북골로22길 57옆","방범","37.5811979581295","126.909974622392","5","2021-01-27"
"서대문구","거북골로22길49-21(북가좌2동321-1)","방범","37.581227","126.908866","1","2021-01-27"
"서대문구","거북골로24길 37-8","방범","37.581266","126.908036","4","2021-01-27"
"서대문구","명지대3길47-10(북가좌2동5-151)","방범","37.5813088982247","126.921359840809","4","2021-01-27"
"서대문구","증가로20나길 8-10","방범","37.581371","126.919253","4","2021-01-27"
"서대문구","모래내로17길53-3(홍은2동277-94)","방범","37.5813743371492","126.934308684277","5","2021-01-27"
"서대문구","증가로24나길 6-3","방범","37.581382","126.916597","4","2021-01-27"
"서대문구","증가로25길 12","방범","37.5814415635465","126.91351716153","5","2021-01-27"
"서대문구","거북골로24길47-7(북가좌동346-16)","방범","37.5814568446512","126.908581276618","2","2021-01-27"
"서대문구","증가로24가길 14","방범","37.5814918883959","126.917195769574","3","2021-01-27"
"서대문구","명지대1가길22-4(남가좌2동5-241)","방범","37.5815026379211","126.922623868717","5","2021-01-27"
"서대문구","증가로29길 27","방범","37.581569","126.911853","3","2021-01-27"
"서대문구","증가로24나길21(북가좌2동282-39)","방범","37.5816312561128","126.915611","4","2021-01-27"
"서대문구","증가로12나길63-5(북가좌2동5-15)","방범","37.5816643276453","126.92063636908","5","2021-01-27"
"서대문구","명지대1길 28앞","방범","37.581671","126.923753","1","2021-01-27"
"서대문구","증가로20나길21(북가좌동5-19)","방범","37.5816993581079","126.91977509899","5","2021-01-27"
"서대문구","거북골로 4-13","방범","37.58176971","126.9259451","2","2021-01-27"
"서대문구","증가로24가길34(북가좌동5-217)","방범","37.581884599095","126.918080083328","5","2021-01-27"
"서대문구","응암로1길20(북가좌동324-47)","방범","37.5819141601353","126.910050260857","4","2021-01-27"
"서대문구","모래내로17안길 18","방범","37.581954","126.933252","3","2021-01-27"
"서대문구","증가로20길64(북가좌2동5-25)","방범","37.5820100096104","126.918780139881","5","2021-01-27"
"서대문구","증가로29길15(북가좌2동327-10)","방범","37.582032","126.912204","1","2021-01-27"
"서대문구","모래내길20길24-8(연희동1-66)","방범","37.5820337787453","126.938816781993","2","2021-01-27"
"서대문구","가좌로117(홍은2동399-2)","방범","37.5820973911592","126.925188233135","5","2021-01-27"
"서대문구","모래내로17길79-3(홍은동277-101)","방범","37.582100487941","126.935144623697","5","2021-01-27"
"서대문구","모래내로20길24-17(연희동1-78)","방범","37.5822127542509","126.939363046627","3","2021-01-27"
"서대문구","증가로31길43(북가좌2동324-19)","방범","37.5822329998879","126.909924197034","1","2021-01-27"
"서대문구","증가로20가길 73","방범","37.5822487238584","126.920497411961","2","2021-01-27"
"서대문구","증가로24라길2(북가좌2동3-107)","방범","37.5822645190843","126.91686618087","1","2021-01-27"
"서대문구","증가로24나길36(북가좌동281-12)","방범","37.5822923181925","126.915541262566","4","2021-01-27"
"서대문구","북가좌2동325-19","방범","37.5823116468169","126.910353350476","2","2021-01-27"
"서대문구","불광천길162(북가좌2동344-31)","방범","37.5823396079189","126.909031274286","5","2021-01-27"
"서대문구","명지대길54(남가좌2동7-4)","방범","37.5823708885829","126.923904652779","5","2021-01-27"
"서대문구","모래내로24길45(홍제동156-385)","방범","37.5824138856975","126.94331683446","4","2021-01-27"
"서대문구","모래내로20길27맞은편(연희동1-64맞은편)","방범","37.582415186911","126.938487775463","4","2021-01-27"
"서대문구","증가로28길18-3(북가좌동276-6)","방범","37.5824575870105","126.914778557043","5","2021-01-27"
"서대문구","명지대길50-59맞은편(남가좌동9-32)","방범","37.5825430611626","126.924344535057","3","2021-01-27"
"서대문구","명지길114-7앞(홍은2동377-3)","방범","37.5826909885282","126.926902084467","5","2021-01-27"
"서대문구","명지2길14(홍은동304-1)","방범","37.5827953074085","126.927809004989","4","2021-01-27"
"서대문구","증가로24바길1(북가좌동3-204)","방범","37.5828492673946","126.915724632713","5","2021-01-27"
"서대문구","명지대5길20(남가좌2동5-42)","방범","37.582867892875","126.922217953373","1","2021-01-27"
"서대문구","가좌로4길16(홍은2동338-31)","방범","37.5828720034015","126.92854288629","5","2021-01-27"
"서대문구","증가로24바길12(북가좌동3-110)","방범","37.5828766873226","126.916356561157","4","2021-01-27"
"서대문구","통일로 367-4","방범","37.58289337","126.9495661","3","2021-01-27"
"서대문구","모래내로24나길8(홍제동156-367)","방범","37.5829346890804","126.944070241543","4","2021-01-27"
"서대문구","모래내로377(홍제동366-3)","방범","37.582957","126.937383","1","2021-01-27"
"서대문구","증가로24마길31(북가좌2동3-82)","방범","37.5829638739651","126.917847184586","5","2021-01-27"
"서대문구","모래내로24나길19(홍제동322-79)","방범","37.582983577261","126.942645988557","4","2021-01-27"
"서대문구","증가로31길20(북가좌2동343-23)","방범","37.5830526435511","126.91069239194","1","2021-01-27"
"서대문구","증가로12나길112(북가좌동3-227)","방범","37.58311209692","126.919400284646","5","2021-01-27"
"서대문구","증가로248(북가좌2동330-19)","방범","37.5831227533559","126.912456601282","4","2021-01-27"
"서대문구","통일로26길11(홍제동20-50)","방범","37.5831280154983","126.950620025795","2","2021-01-27"
"서대문구","통일로26길12-2(홍제동24-16)","방범","37.5831280154983","126.950620025795","4","2021-01-27"
"서대문구","모래내로24길27(홍제1동156-359)","방범","37.583181","126.943752","1","2021-01-27"
"서대문구","모래내로386(연희3동1-11)","방범","37.5831825204401","126.938479728836","1","2021-01-27"
"서대문구","명지대2안길32(홍은동354-8)","방범","37.5832021104925","126.924376458399","4","2021-01-27"
"서대문구","증가로28안길40-8(북가좌2동277-1)","방범","37.583277","126.915304","5","2021-01-27"
"서대문구","증가로31길13(연계)(북가좌동328-1)","방범","37.5832970837454","126.910998163768","1","2021-01-27"
"서대문구","연희로37안길19-17(홍은2동265-385)","방범","37.5835068407182","126.935255169859","5","2021-01-27"
"서대문구","홍제내2라길15(홍제1동362-2)","방범","37.583521","126.93764","1","2021-01-27"
"서대문구","명지길 143","방범","37.5836661515167","126.925895919409","4","2021-01-27"
"서대문구","증가로30길9-5(북가좌2동330-7)","방범","37.5836684593001","126.912504780722","4","2021-01-27"
"서대문구","명지대5길 10-20","방범","37.5838192070395","126.922629869986","1","2021-01-27"
"서대문구","명지대2안길 51","방범","37.58389112","126.9236261","1","2021-01-27"
"서대문구","명지대2안길51","방범","37.58389112","126.9236261","1","2021-01-27"
"서대문구","홍제1동321-3","방범","37.5839148284579","126.943922279762","2","2021-01-27"
"서대문구","모래내로 411","방범","37.5840476479075","126.941659694224","4","2021-01-27"
"서대문구","홍제동360-93","방범","37.5840948079349","126.937692651746","5","2021-01-27"
"서대문구","증가로32길9(북가좌2동342-5)","방범","37.5840998998127","126.911873541273","4","2021-01-27"
"서대문구","홍제내2라길","방범","37.5841174805996","126.938577888222","1","2021-01-27"
"서대문구","홍제내2라길 31(홍제1동 356-165)","방범","37.5841174805996","126.938577888222","2","2021-01-27"
"서대문구","통일로28길19(홍제동19-9)","방범","37.5841567834204","126.950499326389","4","2021-01-27"
"서대문구","증가로264(북가좌2동342-14)","방범","37.5841938020726","126.911006298757","5","2021-01-27"
"서대문구","증가로30길29-5(북가좌2동332-11)","방범","37.584205","126.913124","4","2021-01-27"
"서대문구","송죽길23(홍제1동356-13)","방범","37.5842322596707","126.939339635582","5","2021-01-27"
"서대문구","연희로37길36맞은편(홍은동265-342맞은편)","방범","37.5845218738714","126.934085292131","3","2021-01-27"
"서대문구","홍제내2다길25(홍제1동364-1)","방범","37.5845862552691","126.938151480986","4","2021-01-27"
"서대문구","홍제내2마길13(홍제동360-62)","방범","37.5846791885958","126.937019535057","4","2021-01-27"
"서대문구","증가로30길37(북가좌2동337-6)","방범","37.5846807915697","126.9140066789","4","2021-01-27"
"서대문구","홍은동 344-2","방범","37.584816","126.923534","4","2021-01-27"
"서대문구","홍제내2다길40(홍제동356-145)","방범","37.5848200628289","126.938867630793","5","2021-01-27"
"서대문구","증가로32길23-8(북가좌2동341-24)","방범","37.5848268765705","126.911783266497","5","2021-01-27"
"서대문구","가좌로2안길13맞은편(홍은동325-33맞은편)","방범","37.5849565553317","126.925649414681","3","2021-01-27"
"서대문구","홍은동 315-1 백련사길 141 옆","방범","37.584991","126.92853","2","2021-01-27"
"서대문구","통일로32길41(홍제동104-32)","방범","37.5850042162957","126.950173364303","4","2021-01-27"
"서대문구","명지대길 112","방범","37.5850094517651","126.922973153464","4","2021-01-27"
"서대문구","연희로37안길2(홍은2동265-337)","방범","37.5850314279526","126.934801692135","3","2021-01-27"
"서대문구","가좌로2안길44-1(홍은동324-3)","방범","37.5850797312028","126.926787863547","4","2021-01-27"
"서대문구","홍제내2나길2(홍제1동361-5)","방범","37.5851043458751","126.936417776145","1","2021-01-27"
"서대문구","증가로32안길56(북가좌2동337-37)","방범","37.5852371344591","126.913832303858","1","2021-01-27"
"서대문구","연희로37길 81","방범","37.5853203683193","126.934729424241","1","2021-01-27"
"서대문구","연희로37길81맞은편(홍은동265-33맞은편)","방범","37.5853203683193","126.934729424241","4","2021-01-27"
"서대문구","가좌로2안길26-11(홍은동335-60)","방범","37.585429","126.925025","4","2021-01-27"
"서대문구","증가로32길(북가좌2동338-21)","방범","37.5854531977865","126.913330303803","4","2021-01-27"
"서대문구","통일로396-9(홍제2동114-1)","방범","37.5854888744992","126.94856039633","4","2021-01-27"
"서대문구","홍제원4길29-9(홍제2동119-2)","방범","37.5854888744992","126.94856039633","2","2021-01-27"
"서대문구","홍제내2길 27","방범","37.58565349","126.9369693","5","2021-01-27"
"서대문구","송죽길62(홍제동337-1)","방범","37.5856896394236","126.937617721734","3","2021-01-27"
"서대문구","통일로37나길65(홍제1동312-243)","방범","37.5857070627473","126.941259090311","5","2021-01-27"
"서대문구","백련사길 179 전신주","방범","37.58578","126.92723","2","2021-01-27"
"서대문구","가좌로2길51(홍은2동338-129)","방범","37.5857892759631","126.926013683458","6","2021-01-27"
"서대문구","연희로37길77-19(홍은동265-394)","방범","37.5858103724318","126.934034105902","2","2021-01-27"
"서대문구","증가로30길79맞은편(북가좌동336-33)","방범","37.5860069691697","126.914993160278","4","2021-01-27"
"서대문구","연희로39길 98","방범","37.58606724","126.9316696","4","2021-01-27"
"서대문구","연희로39길 75-5","방범","37.586098","126.932433","3","2021-01-27"
"서대문구","통일로37다길17(홍제동318-7)","방범","37.586172","126.943384","4","2021-01-27"
"서대문구","홍제내길76(홍제동361-14)","방범","37.586317848887","126.935592127593","4","2021-01-27"
"서대문구","통일로37나길40(홍제동312-121)","방범","37.5863313537596","126.942059435124","3","2021-01-27"
"서대문구","연희로39길 47-18","방범","37.58634755","126.9328268","5","2021-01-27"
"서대문구","통일로39길 90과91사이","방범","37.5863838","126.940324","3","2021-01-27"
"서대문구","홍제내2가길22-29(홍제1동341-18)","방범","37.586388558024","126.937379631087","1","2021-01-27"
"서대문구","연희로39길13(홍은2동265-340)","방범","37.5866","126.933971","3","2021-01-27"
"서대문구","통일로35길40(홍제1동158-12)","방범","37.5866542659321","126.945516606152","4","2021-01-27"
"서대문구","연희로39다길8(홍은동265-181)","방범","37.5866580118073","126.931489417879","5","2021-01-27"
"서대문구","연희로39라길 11","방범","37.5866580118073","126.931489417879","1","2021-01-27"
"서대문구","통일로39다길38(홍제1동312-79)","방범","37.586682007476","126.941136673611","5","2021-01-27"
"서대문구","증가로32길78(북가좌동339-29)","방범","37.5866972420481","126.914012289533","5","2021-01-27"
"서대문구","연희로39길 64 앞","방범","37.586719","126.932529","4","2021-01-27"
"서대문구","홍제원길11(홍제2동136-14)","방범","37.5867646831085","126.947370009926","1","2021-01-27"
"서대문구","통일로37나길25(홍제1동313-8)","방범","37.5868642726114","126.943098022377","5","2021-01-27"
"서대문구","홍제내2길64(홍제동342-2)","방범","37.586984166914","126.936948801264","4","2021-01-27"
"서대문구","홍제내4길4-11(홍제동334-107)","방범","37.5872009633284","126.936393583998","4","2021-01-27"
"서대문구","홍제원6안길 29","방범","37.5873004630016","126.948960238497","3","2021-01-27"
"서대문구","연희로39길 40","방범","37.5873131651952","126.933377642725","4","2021-01-27"
"서대문구","통일로37나길9(홍제동315-38)","방범","37.5873276217899","126.943578137791","4","2021-01-27"
"서대문구","통일로37가길7-1(홍제1동167-30)","방범","37.587445","126.944498","4","2021-01-27"
"서대문구","통일로37길 19","방범","37.5874456244308","126.944228508928","3","2021-01-27"
"서대문구","연희로39나길25(홍은동265-148)","방범","37.5875121260026","126.932040880052","4","2021-01-27"
"서대문구","연희로39마길16(홍은동265-208)","방범","37.5876056454386","126.930925081102","4","2021-01-27"
"서대문구","홍제원3길15(홍제동137-5)","방범","37.5876242099772","126.946833600828","2","2021-01-27"
"서대문구","홍제원3길20(홍제동136-23)","방범","37.5876242099772","126.946833600828","5","2021-01-27"
"서대문구","통일로39길34(홍제1동308-86)","방범","37.5876847175919","126.942674732564","4","2021-01-27"
"서대문구","홍제내4길15(홍제1동334-53)","방범","37.5876938007897","126.937386727682","4","2021-01-27"
"서대문구","통일로36나길 6-1","방범","37.587851","126.94672","4","2021-01-27"
"서대문구","홍제2동178-1","방범","37.5878571637961","126.946616309193","2","2021-01-27"
"서대문구","홍제내길128(홍제동334-85)","방범","37.5879286606304","126.936586101218","4","2021-01-27"
"서대문구","통일로39길 22","방범","37.5881370815979","126.943150941716","2","2021-01-27"
"서대문구","통일로39길24(홍제1동308-102)","방범","37.5881370815979","126.943150941716","1","2021-01-27"
"서대문구","통일로39가길10-3(홍제동330-78)","방범","37.5883195491291","126.943163682209","3","2021-01-27"
"서대문구","통일로39길22-4(홍제동330-247)","방범","37.5883195491291","126.943163682209","4","2021-01-27"
"서대문구","통일로36길46맞은편(홍제동192-42맞은편)","방범","37.58833250504","126.948324504299","4","2021-01-27"
"서대문구","통일로39나길 9","방범","37.58865221","126.9430509","2","2021-01-27"
"서대문구","세무서2길 22","방범","37.5888012191642","126.946735361999","2","2021-01-27"
"서대문구","세무서1길18(홍제동256-2)","방범","37.5889831043463","126.94467244276","2","2021-01-27"
"서대문구","통일로452(홍제3동305-4)","방범","37.5891401507353","126.944174318945","4","2021-01-27"
"서대문구","통일로39가길29(홍제1동330-113)","방범","37.5892553761801","126.942671597553","1","2021-01-27"
"서대문구","세검정로4길 147","방범","37.589716","126.953815","3","2021-01-27"
"서대문구","연희로41길33(홍은2동204-4)","방범","37.5899697232416","126.935311368086","1","2021-01-27"
"서대문구","세무서1길50(홍제3동304-102)","방범","37.590036","126.944637","1","2021-01-27"
"서대문구","통일로40안길16(홍제동260-21)","방범","37.5907463009092","126.944051122685","4","2021-01-27"
"서대문구","연희로41길69-28(홍은동206-18)","방범","37.5910048856723","126.933953725201","4","2021-01-27"
"서대문구","세검정로4길 116","방범","37.5910367690954","126.952712356008","4","2021-01-27"
"서대문구","세무서5길35(홍제3동260-11)","방범","37.5911204575976","126.945279268514","5","2021-01-27"
"서대문구","세무서길  82-18","방범","37.5911212093061","126.947441648707","4","2021-01-27"
"서대문구","문화촌2길 19","방범","37.59151711","126.9503017","3","2021-01-27"
"서대문구","연희로41길71맞은편(홍은동209-4맞은편)","방범","37.5918041315578","126.935008038666","4","2021-01-27"
"서대문구","세검정로4길90(홍제동8-77)","방범","37.5919437646238","126.951752008598","4","2021-01-27"
"서대문구","세무서길 98-6","방범","37.5919900173542","126.947613614632","3","2021-01-27"
"서대문구","연희로41나길 5-8","방범","37.592137","126.933256","4","2021-01-27"
"서대문구","연희로41나길18맞은편(홍은동191-222맞은편)","방범","37.5922666509263","126.934090872477","4","2021-01-27"
"서대문구","홍제3동 273-52","방범","37.59231363","126.9478985","2","2021-01-27"
"서대문구","세검정로3길28맞은편(홍제동420맞은편)","방범","37.592626053635","126.94586583591","4","2021-01-27"
"서대문구","연희로41길91맞은편(홍은동191-52맞은편)","방범","37.5926980870558","126.934678276251","3","2021-01-27"
"서대문구","세검정로1길 25","방범","37.5927226841485","126.943386761902","1","2021-01-27"
"서대문구","세검정로1길31(홍은1동48-125)","방범","37.5927226841485","126.943386761902","4","2021-01-27"
"서대문구","세검정로1길35-31(홍은동50-12)","방범","37.5928742417492","126.942593489895","4","2021-01-27"
"서대문구","문화촌1길12(홍제동8-12)","방범","37.5930442597279","126.95061621842","4","2021-01-27"
"서대문구","연희로41가길76맞은편(홍은동191-149맞은편)","방범","37.5931291608284","126.933105120515","3","2021-01-27"
"서대문구","문화촌길29맞은편(홍제3동274-7맞은편)","방범","37.5933688945304","126.948700570431","4","2021-01-27"
"서대문구","연희로41다길3맞은편(홍은동190-42맞은편)","방범","37.5935042034964","126.934412320339","4","2021-01-27"
"서대문구","문화촌길 36","방범","37.5936122382131","126.948838704195","1","2021-01-27"
"서대문구","세검정로3길54(홍제3동266-215)","방범","37.5936698790151","126.94697917791","3","2021-01-27"
"서대문구","세검정로4가길48(홍제동5-78)","방범","37.593713","126.9516","4","2021-01-27"
"서대문구","연희로41가길 103-13 맞은편","방범","37.5938208435244","126.933866473033","2","2021-01-27"
"서대문구","세검정로4나길 13","방범","37.593866","126.950481","5","2021-01-27"
"서대문구","연희로41다길31(홍은2동191-95)","방범","37.593991501372","126.933298860824","4","2021-01-27"
"서대문구","세검정로4가길1(홍제3동6-67)","방범","37.5942933837665","126.949502550926","5","2021-01-27"
"서대문구","세검정로4가길18(홍제동6-23)","방범","37.5944781840099","126.950265540476","5","2021-01-27"
"서대문구","간호대로1길47(홍제3동278-50)","방범","37.5945692898422","126.947863174673","3","2021-01-27"
"서대문구","통일로510(홍은동452-3)","방범","37.5949378710817","126.941245364418","5","2021-01-27"
"서대문구","통일로48길(홍은1동440-5)","방범","37.595007635367","126.942533186508","4","2021-01-27"
"서대문구","세검정로90-6옆(홍제3동280-9)","방범","37.5951930618102","126.949271852276","5","2021-01-27"
"서대문구","홍은동 산8-1","방범","37.59523","126.941606","3","2021-01-27"
"서대문구","연희로41길167(홍은2동188-29)","방범","37.5954543474048","126.933925070692","5","2021-01-27"
"서대문구","세검정로 134(유원하나아파트 입구 버스정류장)","방범","37.59580331","126.9548297","3","2021-01-27"
"서대문구","통일로48나길2맞은편(홍은동435-10)","방범","37.5959544570353","126.941105742397","4","2021-01-27"
"서대문구","세검정로1길129(홍은동25-1)","방범","37.5960832589499","126.946436583992","6","2021-01-27"
"서대문구","포방터2길67-1(홍은1동8-505)","방범","37.5964913380148","126.95096177529","4","2021-01-27"
"서대문구","통일로549(홍은2동164)","방범","37.59667","126.938778","4","2021-01-27"
"서대문구","포방터2길59(홍은1동8-476)","방범","37.5969695034717","126.950914233135","4","2021-01-27"
"서대문구","간호대로2길14(홍제동286-10)","방범","37.5971154047544","126.949139507935","3","2021-01-27"
"서대문구","홍은중앙로1길33(홍은동22)","방범","37.5972177946694","126.945183888222","4","2021-01-27"
"서대문구","홍지문2길 43 맞은편","방범","37.597585","126.956203","4","2021-01-27"
"서대문구","간호대로4길28(홍제3동287-22)","방범","37.5978988630753","126.947460550926","4","2021-01-27"
"서대문구","포방터2길34(홍은동9-235)","방범","37.5979538742397","126.950431221928","3","2021-01-27"
"서대문구","포방터2길37-10(홍은1동8-525)","방범","37.5981650620217","126.950610125045","2","2021-01-27"
"서대문구","포방교(홍제동286-27)","방범","37.5982330134214","126.949021050263","6","2021-01-27"
"서대문구","홍은중앙로3길(홍은1동19-13)","방범","37.598359","126.945951","4","2021-01-27"
"서대문구","홍은중앙로5길9(홍은동11-386)","방범","37.5983887518601","126.946329191471","3","2021-01-27"
"서대문구","포방터2다길 12","방범","37.5986252553845","126.950569005151","1","2021-01-27"
"서대문구","포방터2다길5(홍은동8-540)","방범","37.5986252553845","126.950569005151","4","2021-01-27"
"서대문구","포방터길54(홍은1동9-152)","방범","37.5990383538486","126.949231327863","1","2021-01-27"
"서대문구","홍은중앙로5길19(홍은동11-366)","방범","37.599086","126.946366","4","2021-01-27"
"서대문구","포방터2가길 17앞","방범","37.599402","126.950546","4","2021-01-27"
"서대문구","홍은중앙로5길17(홍은동11-368)","방범","37.5994236841627","126.946250066305","3","2021-01-27"
"서대문구","홍은중앙로7길11(홍은동11-278)","방범","37.5996322058671","126.947436317643","4","2021-01-27"
"서대문구","포방터4길(홍은1동8-368)","방범","37.5997878778961","126.950604271164","5","2021-01-27"
"서대문구","홍은중앙로5길46(홍은동11-351)","방범","37.599844","126.946206","4","2021-01-27"
"서대문구","홍은중앙로106-1(홍은1동9-65)","방범","37.5999338820434","126.948806143578","1","2021-01-27"
"서대문구","홍은중앙로3길56(홍은1동11-756)","방범","37.5999408622293","126.945520817127","4","2021-01-27"
"서대문구","홍은중앙로5길58(홍은1동11-318)","방범","37.600266","126.94584","4","2021-01-27"
"서대문구","포방터길87(홍은동8-620)","방범","37.600498386631","126.949441921115","5","2021-01-27"
"서대문구","홍은중앙로3길74(홍은동14-7)","방범","37.6005805110014","126.945013879624","4","2021-01-27"
"서대문구","홍은중앙로9길 27","방범","37.6005911486571","126.948407445738","3","2021-01-27"
"서대문구","홍은중앙로 120-1(홍은1동제4공영주차장)","방범","37.60122276","126.9491038","5","2021-01-27"
"서대문구","홍은중앙로11길13(홍은1동11-82)","방범","37.6013065005936","126.948537495701","1","2021-01-27"
"서대문구","홍은동 8-896","방범","37.60156885","126.9505772","2","2021-01-27"
"서대문구","포방터길116(홍은동8-149","방범","37.601686883411","126.949752536384","4","2021-01-27"
"서대문구","홍은중앙로9나길","방범","37.601819","126.94737","2","2021-01-27"
"서대문구","홍은중앙로9나길 57","방범","37.601819","126.94737","2","2021-01-27"
"서대문구","포방터길121맞은편(홍은동8-145맞은편)","방범","37.6021316525851","126.94982281026","4","2021-01-27"
"서대문구","홍은중앙로 133-2","방범","37.6022088966655","126.948908797564","4","2021-01-27"
"서대문구","홍은중앙로9길70-1(홍은동10-24)","방범","37.6023857945995","126.948074215201","5","2021-01-27"
"서대문구","홍은중앙로9길 88","방범","37.603019","126.947523","4","2021-01-27"
"서대문구","홍은동 9-849(홍은극동아파트 입구)","방범","37.60334171","126.9503649","3","2021-01-27"
"서대문구","홍은중앙로 147","방범","37.6034691124131","126.949350890019","1","2021-01-27"
"서대문구","홍은동 8-29","방범","37.6038126546035","126.949453812871","4","2021-01-27"
"서대문구","홍은중앙로169(홍은동8-1554)","방범","37.6052308718897","126.949787495755","4","2021-01-27"
"서대문구","홍은중앙로 172-55앞","방범","37.605378","126.950036","3","2021-01-27"
"서대문구","연세로5나길19(창천동57-18)","불법주정차","37.5568737550141","126.935980956367","2","2021-01-27"
"서대문구","연세로5나길30-2맞은편(창천동57-66)","불법주정차","37.5570428343671","126.934530494662","5","2021-01-27"
"서대문구","연세로5나길30-6(창천동57-41)","불법주정차","37.5570428343671","126.934530494662","1","2021-01-27"
"서대문구","명물길12-6(창천동18-4)","불법주정차","37.5572428309629","126.937775210976","4","2021-01-27"
"서대문구","북아현동221-12(고기정육시장앞)","불법주정차","37.5572617475756","126.951017635582","3","2021-01-27"
"서대문구","신촌로27길47(대신초등학교)","불법주정차","37.5574975793333","126.948786146668","3","2021-01-27"
"서대문구","신촌역로10(대현동101-34)","불법주정차","37.5575039264551","126.942959334988","1","2021-01-27"
"서대문구","명물길14(창천동13-29)","불법주정차","37.557542958606","126.937560634255","4","2021-01-27"
"서대문구","연세로5나길30-16맞은편(창천동57-36)","불법주정차","37.5576424521668","126.934852359744","5","2021-01-27"
"서대문구","연세로7안길1(창천동52-50)","불법주정차","37.5577270851261","126.936247099756","5","2021-01-27"
"서대문구","연세로4길40(창천동13-111)","불법주정차","37.5578537693301","126.938758300594","3","2021-01-27"
"서대문구","북아현동148-18(e편한세상4단지뒤편CU편의점)","불법주정차","37.5578762621725","126.955310084656","4","2021-01-27"
"서대문구","신촌로11길35맞은편(창천동67-13)","불법주정차","37.5581877820088","126.933453886144","5","2021-01-27"
"서대문구","이화여대길29(대현동56-12)","불법주정차","37.5582021085467","126.945686170421","1","2021-01-27"
"서대문구","창천동506-17(롯데리아앞)","불법주정차","37.5582324","126.928723","3","2021-01-27"
"서대문구","명물길62(창천동5-8)","불법주정차","37.5585925417179","126.939695372151","4","2021-01-27"
"서대문구","명물길41(창천동2-33)","불법주정차","37.5586759073","126.938749814249","3","2021-01-27"
"서대문구","북아현동215-12(북성초교체육관)","불법주정차","37.5588418622962","126.953109519493","3","2021-01-27"
"서대문구","이화여대8길28맞은편(대현동62-1맞은편)","불법주정차","37.5588488403918","126.94727656945","3","2021-01-27"
"서대문구","연세로11길29(창천동52-152)","불법주정차","37.5588963358189","126.935059186508","4","2021-01-27"
"서대문구","연세로9길10-7(창천동52-18)","불법주정차","37.5589078307704","126.936248224537","4","2021-01-27"
"서대문구","신촌역로39(창천동4-96)","불법주정차","37.5590106044342","126.941046486756","1","2021-01-27"
"서대문구","신촌역로30맞은편(신촌동74-12맞은편)","불법주정차","37.5590275740648","126.942912887241","1","2021-01-27"
"서대문구","이화여대길71(대현동37-72)","불법주정차","37.559115","126.94449","1","2021-01-27"
"서대문구","명물길59(창천동9-26)","불법주정차","37.5591187144658","126.939351046627","4","2021-01-27"
"서대문구","충정로3가476(난타공연장앞)","불법주정차","37.5601594778031","126.962611509262","3","2021-01-27"
"서대문구","성산로22길12맞은편(창천동89-26)","불법주정차","37.5601843351389","126.933723868717","4","2021-01-27"
"서대문구","북아현동 210-24 명수어린이공원앞","불법주정차","37.5602338987841","126.950793562583","4","2021-01-27"
"서대문구","충정로20(충정로3가268)","불법주정차","37.5607958203384","126.963482597553","3","2021-01-27"
"서대문구","성산로494-6(이대부속유치원)","불법주정차","37.561028619756","126.941977293323","3","2021-01-27"
"서대문구","연희로4길9(연희동353-76)","불법주정차","37.5617137466582","126.92795190586","1","2021-01-27"
"서대문구","충정로6길39(미근동100-5)","불법주정차","37.5624867106815","126.966905463962","3","2021-01-27"
"서대문구","북아현로59-1(북아현동176-53)","불법주정차","37.562492","126.955494","5","2021-01-27"
"서대문구","경기대로37(충정로3가22-1)","불법주정차","37.5628023337567","126.961881720238","3","2021-01-27"
"서대문구","북아현로78(북아현동1-239)","불법주정차","37.5641332247347","126.953803775463","3","2021-01-27"
"서대문구","북아현로2길1(북아현동130-12)","불법주정차","37.5644574096506","126.963706691184","3","2021-01-27"
"서대문구","충정로9길25-2(충정로2가184-13)","불법주정차","37.5644574096506","126.963706691184","5","2021-01-27"
"서대문구","경기대로9길76(충정로3가3-131)","불법주정차","37.5644964325502","126.960083801258","3","2021-01-27"
"서대문구","미근동165(미근119안전센터앞)","불법주정차","37.5646131058531","126.966770694443","4","2021-01-27"
"서대문구","충정로2가74맞은편(인창고교담벼락)","불법주정차","37.5654469541384","126.964394571758","3","2021-01-27"
"서대문구","통일로9길11(냉천동147)","불법주정차","37.5671323314705","126.964183411045","1","2021-01-27"
"서대문구","연희로110(연희동69-22)","불법주정차","37.5676666518187","126.931731008292","3","2021-01-27"
"서대문구","연희로11라길2(연희동132-38)","불법주정차","37.5679982186092","126.929628112759","3","2021-01-27"
"서대문구","독립문로42(천연동41)","불법주정차","37.5685717086655","126.961701784061","3","2021-01-27"
"서대문구","모래내로151(남가좌1동105-29)","불법주정차","37.569713500847","126.917921195452","3","2021-01-27"
"서대문구","연희동89-19(연희초교육교)","불법주정차","37.5699025226094","126.933177119925","3","2021-01-27"
"서대문구","증가로22(연희동92-13)","불법주정차","37.5703127225712","126.930908381615","3","2021-01-27"
"서대문구","연희로154(외국인학교)","불법주정차","37.5709508","126.934433","3","2021-01-27"
"서대문구","남가좌동382-6(DMC파크뷰자이1단지)","불법주정차","37.5710365922691","126.916735726393","3","2021-01-27"
"서대문구","북가좌동486(DMC파크뷰자이4단지)","불법주정차","37.5714005824687","126.913659833336","3","2021-01-27"
"서대문구","연희로180(연희동79-11)","불법주정차","37.5729538190845","126.935646425452","3","2021-01-27"
"서대문구","모래내로 209(현대 가재울주유소 주변)","불법주정차","37.5731363858815","126.922914444719","4","2021-01-27"
"서대문구","모래내로15길34(가재울초등학교)","불법주정차","37.5732569764725","126.920289648701","3","2021-01-27"
"서대문구","모래내로15길74(가재울초등학교)","불법주정차","37.574226357787","126.919034374882","3","2021-01-27"
"서대문구","모래내로231(남가좌2동330-43)","불법주정차","37.5748388947705","126.924697301251","3","2021-01-27"
"서대문구","가재울로48맞은편(남가좌2동74-17맞은편)","불법주정차","37.5752104275761","126.92139720734","3","2021-01-27"
"서대문구","수색로100(북가좌2동106-2)","불법주정차","37.5754098896306","126.912865423017","3","2021-01-27"
"서대문구","응암로25(북가좌동186-36)","불법주정차","37.5761666763263","126.907786957368","3","2021-01-27"
"서대문구","홍연길 63-1(연희푸르지오 주변)","불법주정차","37.5761764777694","126.930066263637","1","2021-01-27"
"서대문구","연희로219(연희감리교회)","불법주정차","37.5765839122894","126.935317751294","4","2021-01-27"
"서대문구","수색로100(북가좌1동420-32)","불법주정차","37.5766498351751","126.911127092974","3","2021-01-27"
"서대문구","증가로114(남가좌2동339-32)","불법주정차","37.5769957273546","126.924866550926","3","2021-01-27"
"서대문구","가재울로12길133(남가좌2동347-2)","불법주정차","37.577433726169","126.922432286409","3","2021-01-27"
"서대문구","증가로148(남가좌2동354-53)","불법주정차","37.5777655888695","126.921141160713","1","2021-01-27"
"서대문구","가좌로50(홍은2동395-18)","불법주정차","37.5782446339271","126.930439961971","3","2021-01-27"
"서대문구","북가좌1동376-18(북가좌초교주차장)","불법주정차","37.5783775077338","126.908863441946","3","2021-01-27"
"서대문구","응암로68(북가좌2동306-22)","불법주정차","37.5790525785001","126.910863283399","3","2021-01-27"
"서대문구","증가로205(북가좌동289-4)","불법주정차","37.5795037787514","126.917050713943","3","2021-01-27"
"서대문구","홍제동 47-53(안산초등학교 앞)","불법주정차","37.579661","126.952524","3","2021-01-27"
"서대문구","증가로12나길 32(DMC 센트럴아파트 104동 주변)","불법주정차","37.5800272764793","126.921250487378","3","2021-01-27"
"서대문구","모래내로334(홍은2동273-10)","불법주정차","37.580051","126.933908","3","2021-01-27"
"서대문구","홍은동396-26(미란다코스메틱스주변)","불법주정차","37.5802559910773","126.928341478504","3","2021-01-27"
"서대문구","증가로12가길48맞은편(남가좌동236-1)","불법주정차","37.5803178219093","126.919397737434","4","2021-01-27"
"서대문구","거북골로19-1(홍은2동409-47)","불법주정차","37.5803688426521","126.92499917791","3","2021-01-27"
"서대문구","증가로208-1(북가좌2동283-19)","불법주정차","37.5807133396352","126.915521690807","1","2021-01-27"
"서대문구","홍은2동277-66맞은편(서대문문화체육회관앞)","불법주정차","37.5811366750449","126.932092718903","3","2021-01-27"
"서대문구","모래내로364(홍은2동427-4)","불법주정차","37.581851991778","126.936362513468","3","2021-01-27"
"서대문구","증가로233(북가좌2동292-13)","불법주정차","37.5820949372011","126.913590626984","1","2021-01-27"
"서대문구","홍연초등학교교재원(홍은동산26-170)","불법주정차","37.5826172055294","126.930626341269","4","2021-01-27"
"서대문구","통일로363(한양제일유치원)","불법주정차","37.5827115","126.949762","3","2021-01-27"
"서대문구","가좌로119(홍은2동357-8)","불법주정차","37.5830276179942","126.925273296959","1","2021-01-27"
"서대문구","응암로126(북가좌2동278-1)","불법주정차","37.5837240848744","126.914324801258","3","2021-01-27"
"서대문구","명지대길83(남가좌2동3-2)","불법주정차","37.583810270153","126.923160253967","3","2021-01-27"
"서대문구","가좌로141(홍은2동346-1)","불법주정차","37.5845255061569","126.923760451497","1","2021-01-27"
"서대문구","모래내로 209(현대 가재울주유소 주변)","불법주정차","37.585043","126.944281","4","2021-01-27"
"서대문구","통일로34길28-11","불법주정차","37.585302","126.949721","2","2021-01-27"
"서대문구","통일로34길28-11(인왕유치원)","불법주정차","37.585302","126.949721","1","2021-01-27"
"서대문구","통일로34길15맞은편(홍제2동107-2)","불법주정차","37.5855936783003","126.949082025795","1","2021-01-27"
"서대문구","홍제1동317-10맞은편(서울예술실용전문학교정문)","불법주정차","37.585915","126.944067","3","2021-01-27"
"서대문구","통일로34길66맞은편","불법주정차","37.5865171957601","126.951421131283","2","2021-01-27"
"서대문구","통일로34길66맞은편(현대경복유치원)","불법주정차","37.5865171957601","126.951421131283","1","2021-01-27"
"서대문구","세무서길11(홍제동251)","불법주정차","37.588694","126.9456","4","2021-01-27"
"서대문구","세무서길31(홍제3동249-1)","불법주정차","37.5894253228147","126.945571093254","4","2021-01-27"
"서대문구","통일로464(홍제3동301-3)","불법주정차","37.5898598615017","126.943151658793","3","2021-01-27"
"서대문구","세무서길59(홍제3동245-8)","불법주정차","37.590526","126.946269","3","2021-01-27"
"서대문구","세무서5길35(홍제동266-105)","불법주정차","37.5915256919396","126.944881550926","3","2021-01-27"
"서대문구","인왕시장길18(홍제동298-7)","불법주정차","37.5915256919396","126.944881550926","3","2021-01-27"
"서대문구","세검정로46(홍제3동266-60)","불법주정차","37.5920959003245","126.946320000808","3","2021-01-27"
"서대문구","홍제동266-151(마을탕앞)","불법주정차","37.5924210723757","126.947387654106","3","2021-01-27"
"서대문구","세검정로1길61맞은편(홍은동40-3맞은편)","불법주정차","37.5935181997828","126.944690480986","4","2021-01-27"
"서대문구","세검정로1길96(홍은1동48-95)","불법주정차","37.5943090503857","126.945933384615","4","2021-01-27"
"서대문구","홍은동48-16(홍은교교차로주변)","불법주정차","37.5952353","126.946796","3","2021-01-27"
"서대문구","간호대로29맞은편(홍제3동287-182맞은편)","불법주정차","37.5969013032541","126.947607048193","3","2021-01-27"
"서대문구","세검정로105(홍은초등학교)","불법주정차","37.5975764","126.950026","5","2021-01-27"
"서대문구","홍은중앙로85맞은편(홍은1동11-853맞은편)","불법주정차","37.598599682182","126.947280580357","3","2021-01-27"
"서대문구","홍은중앙로100-2(홍은1동9-88)","불법주정차","37.5993369726343","126.94846414871","3","2021-01-27"
"서대문구","북아현3동1-274호금화터널1","산불감시","37.5685350157651","126.949439775463","1","2021-01-27"
"서대문구","북아현3동1-274호금화터널2","산불감시","37.5685350157651","126.949439775463","1","2021-01-27"
"서대문구","홍제2동40-4호인왕산(청구3차아파트)1","산불감시","37.5795029753753","126.953695697481","1","2021-01-27"
"서대문구","홍제2동40-4호인왕산(청구3차아파트)2","산불감시","37.5795029753753","126.953695697481","1","2021-01-27"
"서대문구","홍제2동40-4호인왕산(청구3차아파트)3","산불감시","37.5795029753753","126.953695697481","1","2021-01-27"
"서대문구","홍제2동40-4호인왕산(청구3차아파트)4","산불감시","37.5795029753753","126.953695697481","1","2021-01-27"
"서대문구","홍은2동산26-170호백련테니스장1","산불감시","37.5825707205125","126.931171786304","1","2021-01-27"
"서대문구","홍은2동산26-170호백련테니스장2","산불감시","37.5825707205125","126.931171786304","1","2021-01-27"
"서대문구","신촌로11길9(세븐일레븐앞)","어린이안전","37.5572361472328","126.932874186508","4","2021-01-27"
"서대문구","신현유치원(대현동62-1)","어린이안전","37.5588275777761","126.946571148479","4","2021-01-27"
"서대문구","이대부속초교-후문(대신동143-24)","어린이안전","37.5605140778045","126.94149717791","5","2021-01-27"
"서대문구","이대부속초교-정문(대신동20)","어린이안전","37.5617131450608","126.942992008598","4","2021-01-27"
"서대문구","미동초등학교정문(미근동36)","어린이안전","37.5625993969416","126.965961326389","3","2021-01-27"
"서대문구","세브란스어린이집(대신동90-6)","어린이안전","37.564328269898","126.944641233135","5","2021-01-27"
"서대문구","경기초등학교(충정로2가70)","어린이안전","37.5647992696561","126.963119046627","3","2021-01-27"
"서대문구","감리신학대학교맞은편(냉천동31)","어린이안전","37.5679807720291","126.963137915344","2","2021-01-27"
"서대문구","감리신학대학교맞은편(냉천동31)(000)","어린이안전","37.5679807720291","126.963137915344","1","2021-01-27"
"서대문구","감리신학대학교맞은편(냉천동31)(001)","어린이안전","37.5679807720291","126.963137915344","1","2021-01-27"
"서대문구","금화초등학교정문(천연동13)","어린이안전","37.5686431440296","126.963719628311","3","2021-01-27"
"서대문구","금화초등학교인근복권방(냉천동194)","어린이안전","37.5692384165407","126.963188550926","4","2021-01-27"
"서대문구","연희초등학교-후문(구립어린이집)","어린이안전","37.5694056483299","126.934607084161","3","2021-01-27"
"서대문구","연희초등학교-정문(연희동88-1)","어린이안전","37.5697760287267","126.933433270885","5","2021-01-27"
"서대문구","독립문어린이집(영천동100)","어린이안전","37.5706609949665","126.959853243242","4","2021-01-27"
"서대문구","거북골로16길36-154(세종유치원인근)","어린이안전","37.5773770117268","126.913204858792","3","2021-01-27"
"서대문구","북가좌초등학교서문","어린이안전","37.5774289887727","126.906792310991","4","2021-01-27"
"서대문구","북가좌초등학교정문(북가좌동376-17)","어린이안전","37.5774548925498","126.908442122629","2","2021-01-27"
"서대문구","북가좌초등학교정문(북가좌동376-17)(000)","어린이안전","37.5774548925498","126.908442122629","1","2021-01-27"
"서대문구","북가좌초등학교정문(북가좌동376-17)(001)","어린이안전","37.5774548925498","126.908442122629","1","2021-01-27"
"서대문구","환희어린이집(남가좌2동342-32)","어린이안전","37.5781497230495","126.923917476196","5","2021-01-27"
"서대문구","연가초등학교후문(남가좌2동364-6)","어린이안전","37.5786972141153","126.918570782858","2","2021-01-27"
"서대문구","연가초등학교후문(남가좌2동364-6)(000)","어린이안전","37.5786972141153","126.918570782858","1","2021-01-27"
"서대문구","연가초등학교후문(남가좌2동364-6)(001)","어린이안전","37.5786972141153","126.918570782858","1","2021-01-27"
"서대문구","북가좌초등학교(북가좌동376-17)(대성반점)","어린이안전","37.5789549340518","126.908227852673","5","2021-01-27"
"서대문구","안산초교후문소각장(홍제1동44-613호)","어린이안전","37.5790720683166","126.952123961971","3","2021-01-27"
"서대문구","안산초등학교정문(홍제동44)","어린이안전","37.5795206391094","126.952660813492","4","2021-01-27"
"서대문구","홍제1동 제3동영주차장(홍제1동 44-580)","어린이안전","37.5797251683792","126.950931381615","4","2021-01-27"
"서대문구","백련사길55(홍은동305)","어린이안전","37.5822231395671","126.931586191036","3","2021-01-27"
"서대문구","백련테니스장옆","어린이안전","37.5836252839837","126.929296767081","4","2021-01-27"
"서대문구","명지대7길19(충암유치원정문인근)","어린이안전","37.5838329229445","126.922201115487","4","2021-01-27"
"서대문구","명지초등학교-정문(홍은동361-30)","어린이안전","37.5838623397891","126.927822416034","3","2021-01-27"
"서대문구","명지고등학교-체육관(홍은2동361-40)","어린이안전","37.5840451366306","126.926465218273","4","2021-01-27"
"서대문구","명지초등학교뒷산(홍은동산26-127)","어린이안전","37.5841056576484","126.928725456562","1","2021-01-27"
"서대문구","명지초등학교뒷산(홍은동산26-127)(000)","어린이안전","37.5841056576484","126.928725456562","2","2021-01-27"
"서대문구","명지초등학교뒷산(홍은동산26-127)(001)","어린이안전","37.5841056576484","126.928725456562","1","2021-01-27"
"서대문구","명지초등학교뒷산(홍은동산26-127)(002)","어린이안전","37.5841056576484","126.928725456562","1","2021-01-27"
"서대문구","고은초등학교(홍제1동320)","어린이안전","37.5844525895977","126.943637965607","4","2021-01-27"
"서대문구","홍제성당유치원(홍제3동301-6)","어린이안전","37.5902528207234","126.943739682209","4","2021-01-27"
"서대문구","통일로40길27(홍제동300-18)","어린이안전","37.5905401416049","126.944268381615","4","2021-01-27"
"서대문구","홍제초등학교육교옆(홍은동48-243)","어린이안전","37.592304","126.943773","5","2021-01-27"
"서대문구","홍은중앙로27(홍은동48-100)","어린이안전","37.5940881296098","126.946099839287","3","2021-01-27"
"서대문구","홍은초등학교정문(홍제3동286-5)","어린이안전","37.5966946201397","126.949308487103","2","2021-01-27"
"서대문구","홍은초등학교정문(홍제3동286-5)(000)","어린이안전","37.5966946201397","126.949308487103","1","2021-01-27"
"서대문구","홍은초등학교정문(홍제3동286-5)(001)","어린이안전","37.5966946201397","126.949308487103","1","2021-01-27"
"서대문구","홍제동자전거보관소1","자전거보관소","37.591072","126.941452","1","2021-01-27"
"서대문구","홍제동자전거보관소2","자전거보관소","37.591072","126.941452","1","2021-01-27"
"서대문구","홍제동자전거보관소3","자전거보관소","37.591072","126.941452","1","2021-01-27"
"서대문구","홍제동자전거보관소4","자전거보관소","37.591072","126.941452","1","2021-01-27"
"서대문구","창천동72-1호신촌저지대","치수방재","37.556147","126.935347","1","2021-01-27"
"서대문구","북아현동134-21호북아현저지대","치수방재","37.5579798228784","126.956418602516","1","2021-01-27"
"서대문구","한강하상여과시설1","치수방재","37.559394","126.8915","1","2021-01-27"
"서대문구","한강하상여과시설2","치수방재","37.559394","126.8915","1","2021-01-27"
"서대문구","가좌진약국 앞(남가좌동 105-28)","치수방재","37.568579","126.917009","1","2021-01-27"
"서대문구","사천교상류(우안)","치수방재","37.5686884311323","126.917281934961","1","2021-01-27"
"서대문구","NH농협 가좌지점 앞(남가좌동 105-1)","치수방재","37.5691840891712","126.917807854665","1","2021-01-27"
"서대문구","DMC파크뷰자이 129동 앞(남가좌동 115-5)","치수방재","37.570361865195","126.91942790891","1","2021-01-27"
"서대문구","서대문종합사회복지회관 앞(연희동 530)","치수방재","37.571309","126.920655","1","2021-01-27"
"서대문구","DMC파크뷰자이 127동 앞(연희동 530)","치수방재","37.571751","126.921233","1","2021-01-27"
"서대문구","연흥장로교회 앞(연희동 526)","치수방재","37.5723183913816","126.922056907937","1","2021-01-27"
"서대문구","한일카센타 앞(연희동 526)","치수방재","37.572406","126.922658","1","2021-01-27"
"서대문구","연가교상류(좌안)","치수방재","37.5734388705818","126.924027996365","1","2021-01-27"
"서대문구","민속떡방아간 앞(연희동 696)","치수방재","37.573667","126.924362","1","2021-01-27"
"서대문구","이안빌라 앞(연희동 696)","치수방재","37.574292","126.92517","1","2021-01-27"
"서대문구","서해남식당 앞(연희동 696)","치수방재","37.575012","126.926213","1","2021-01-27"
"서대문구","문영환산부인과 앞(남가좌동 79-1)","치수방재","37.575127","126.925456","1","2021-01-27"
"서대문구","진미식당 앞(연희동 696)","치수방재","37.575334","126.92674","1","2021-01-27"
"서대문구","그린손세차장 앞(남가좌동 318-22)","치수방재","37.5757532120089","126.926481969897","1","2021-01-27"
"서대문구","연희파크푸르지오 103동 앞(연희동 735)","치수방재","37.576109","126.92819","1","2021-01-27"
"서대문구","은성합판목재 앞(연희동 735)","치수방재","37.576495","126.927858","1","2021-01-27"
"서대문구","홍연2교 하류좌안(연희동 736)","치수방재","37.5769715546675","126.929856506198","1","2021-01-27"
"서대문구","현대상가 앞(북가좌동 408-1)","치수방재","37.577019","126.90346","1","2021-01-27"
"서대문구","느티나무 앞(홍은동 387-61)","치수방재","37.577218","126.929258","1","2021-01-27"
"서대문구","연희맨션 앞(연희동 735)","치수방재","37.577599","126.930995","1","2021-01-27"
"서대문구","홍연2교하류(우안)","치수방재","37.577669274641","126.930483393494","1","2021-01-27"
"서대문구","현대교통 앞(홍은동 277-152)","치수방재","37.577691","126.930187","1","2021-01-27"
"서대문구","홍연2교 상류좌안(연희동 735)","치수방재","37.5780070618381","126.931888055499","1","2021-01-27"
"서대문구","홍연2교상류(우안)","치수방재","37.5781186513583","126.930979716602","1","2021-01-27"
"서대문구","불광천증산3교하류","치수방재","37.5783178782884","126.904787926408","1","2021-01-27"
"서대문구","불광천증산교상류","치수방재","37.5783178782884","126.904787926408","1","2021-01-27"
"서대문구","홍연2교 상류우안(홍은동 277-152)","치수방재","37.5783273000312","126.931290861662","1","2021-01-27"
"서대문구","서대문구청직장어린이집 앞(연희동 735)","치수방재","37.5785336787586","126.932865627353","1","2021-01-27"
"서대문구","하류좌안(연희동 726)","치수방재","37.5792378403324","126.934843849833","1","2021-01-27"
"서대문구","홍연교 하류우안(홍은동 275-36)","치수방재","37.579242091691","126.933513474162","1","2021-01-27"
"서대문구","서대문구청 주차타워 앞(연희동 169-15)","치수방재","37.579881","126.936384","1","2021-01-27"
"서대문구","SK광호주유소 앞(홍은동 275-70)","치수방재","37.5804170246221","126.936508067196","1","2021-01-27"
"서대문구","증산3교 상류좌안(북가좌동 357-7)","치수방재","37.5806605632529","126.907389254391","1","2021-01-27"
"서대문구","인공폭포(우안)","치수방재","37.581260301765","126.937419470714","1","2021-01-27"
"서대문구","인공폭포공영주차장(우안)","치수방재","37.58163217833","126.937427651451","1","2021-01-27"
"서대문구","안산방죽1","치수방재","37.5819127584471","126.939900648162","1","2021-01-27"
"서대문구","안산방죽2","치수방재","37.5819127584471","126.939900648162","1","2021-01-27"
"서대문구","홍제천관리사무소(좌안)","치수방재","37.5819573960955","126.93783802943","1","2021-01-27"
"서대문구","불광천해담는다리상류","치수방재","37.5824841097976","126.909123379779","1","2021-01-27"
"서대문구","불광천해담는다리하류","치수방재","37.5824841097976","126.909123379779","1","2021-01-27"
"서대문구","해담는다리 하류좌안(북가좌동 352-1)","치수방재","37.5836535814838","126.910504400786","1","2021-01-27"
"서대문구","증산2교 하류좌안(북가좌동 352-1)","치수방재","37.5839749873171","126.910855335756","1","2021-01-27"
"서대문구","증산2교 상류좌안(북가좌동 352-1)","치수방재","37.5847586077031","126.911656993378","1","2021-01-27"
"서대문구","백련교상류 좌안(홍제동 361-136)","치수방재","37.5852340779301","126.935757068761","1","2021-01-27"
"서대문구","홍제3교하류(우안)","치수방재","37.586201","126.935011","1","2021-01-27"
"서대문구","홍제3교 하류좌안(홍제동 361-136)","치수방재","37.5877697805966","126.936197120794","1","2021-01-27"
"서대문구","홍제3교 하류우안(홍은동 산 11-50)","치수방재","37.5880025154426","126.935899395593","1","2021-01-27"
"서대문구","홍제3교 상류 좌안(홍제동 산 40-10)","치수방재","37.5894467304783","126.938383121141","1","2021-01-27"
"서대문구","견인차량보관소","치수방재","37.5902229594759","126.939930664296","1","2021-01-27"
"서대문구","홍제2교 하류","치수방재","37.5906835247882","126.940796481366","1","2021-01-27"
"서대문구","서울은미술관 6(통일로 484)","치수방재","37.5910062594311","126.940930611486","1","2021-01-27"
"서대문구","서울은미술관 5(통일로 484)","치수방재","37.5912613001884","126.941456324453","1","2021-01-27"
"서대문구","유진상가 계단 하류","치수방재","37.5913551331485","126.942824231381","1","2021-01-27"
"서대문구","홍제2교 상류","치수방재","37.5913551331485","126.942824231381","1","2021-01-27"
"서대문구","유진상가 계단","치수방재","37.5914231437838","126.943030761476","1","2021-01-27"
"서대문구","서울은미술관 4(통일로 484)","치수방재","37.5914738334852","126.94200885951","1","2021-01-27"
"서대문구","유진상가 계단 상류","치수방재","37.5916016714056","126.943585978742","1","2021-01-27"
"서대문구","서울은미술관 3(통일로 484)","치수방재","37.5916481103356","126.942561394568","1","2021-01-27"
"서대문구","서울은미술관 2(통일로 484)","치수방재","37.5918606425278","126.943189031477","1","2021-01-27"
"서대문구","홍제교 하류 ","치수방재","37.5919190167004","126.944494110703","1","2021-01-27"
"서대문구","서울은미술관 1(통일로 484)","치수방재","37.5920245044336","126.943845099802","1","2021-01-27"
"서대문구","중간가압장(우안)","치수방재","37.5921698821473","126.944183991402","1","2021-01-27"
"서대문구","중간가압장 재난예경보","치수방재","37.5924641195696","126.945401503838","1","2021-01-27"
"서대문구","홍제교 상류 좌안(홍제동 433)","치수방재","37.5926130018776","126.94571230403","1","2021-01-27"
"서대문구","문화촌어린이공원 앞(홍제동 277-67)","치수방재","37.5944806002028","126.947161603502","1","2021-01-27"
"서대문구","홍은교상류(좌안)","치수방재","37.5952421581383","126.947330850612","1","2021-01-27"
"서대문구","옥천암(좌안)","치수방재","37.596437","126.952983","1","2021-01-27"
"서대문구","옥천2교상류(우안)","치수방재","37.596609","126.950879","1","2021-01-27"
"서대문구","홍지문하류(우안)","치수방재","37.597202826012","126.956080571451","1","2021-01-27"
"서대문구","수정쉐르빌 103동 앞(홍제동 287-198)","치수방재","37.5973533453719","126.946726286047","1","2021-01-27"
"서대문구","연세로 2나길 41(창천동 13-105)","미세먼지","37.557698","126.939151","3","2021-01-27"
"서대문구","홍은1동주민센터(우안)","치수방재","37.5986437673165","126.947579100872","1","2021-01-27"